{
  "type": "FeatureCollection",
  "features": [
    {
      "type": "Feature",
      "geometry": {
        "type": "Point",
        "coordinates": [
          -111.9604220182852,
          33.43483015056412
        ]
      },
      "properties": {
        "timestamp": "2026-06-01 00:00:00",
        "wbgt": 28.36,
        "risk_level": "low"
      }
    },
    {
      "type": "Feature",
      "geometry": {
        "type": "Point",
        "coordinates": [
          -111.90967323686898,
          33.47636531133312
        ]
      },
      "properties": {
        "timestamp": "2026-06-01 01:00:00",
        "wbgt": 28.31,
        "risk_level": "low"
      }
    },
    {
      "type": "Feature",
      "geometry": {
        "type": "Point",
        "coordinates": [
          -111.94293781917747,
          33.58457500645543
        ]
      },
      "properties": {
        "timestamp": "2026-06-01 02:00:00",
        "wbgt": 28.88,
        "risk_level": "low"
      }
    },
    {
      "type": "Feature",
      "geometry": {
        "type": "Point",
        "coordinates": [
          -112.1647068035522,
          33.375758334622624
        ]
      },
      "properties": {
        "timestamp": "2026-06-01 03:00:00",
        "wbgt": 31.32,
        "risk_level": "low"
      }
    },
    {
      "type": "Feature",
      "geometry": {
        "type": "Point",
        "coordinates": [
          -111.97808090037434,
          33.40777522437487
        ]
      },
      "properties": {
        "timestamp": "2026-06-01 04:00:00",
        "wbgt": 25.58,
        "risk_level": "low"
      }
    },
    {
      "type": "Feature",
      "geometry": {
        "type": "Point",
        "coordinates": [
          -112.10409995026784,
          33.41380757697672
        ]
      },
      "properties": {
        "timestamp": "2026-06-01 05:00:00",
        "wbgt": 25.35,
        "risk_level": "low"
      }
    },
    {
      "type": "Feature",
      "geometry": {
        "type": "Point",
        "coordinates": [
          -111.90347520317638,
          33.48166144729346
        ]
      },
      "properties": {
        "timestamp": "2026-06-01 06:00:00",
        "wbgt": 27.17,
        "risk_level": "low"
      }
    },
    {
      "type": "Feature",
      "geometry": {
        "type": "Point",
        "coordinates": [
          -112.05439230505203,
          33.407019615912
        ]
      },
      "properties": {
        "timestamp": "2026-06-01 07:00:00",
        "wbgt": 31.57,
        "risk_level": "low"
      }
    },
    {
      "type": "Feature",
      "geometry": {
        "type": "Point",
        "coordinates": [
          -112.16326983049233,
          33.46005357758991
        ]
      },
      "properties": {
        "timestamp": "2026-06-01 08:00:00",
        "wbgt": 31.21,
        "risk_level": "low"
      }
    },
    {
      "type": "Feature",
      "geometry": {
        "type": "Point",
        "coordinates": [
          -111.9824443355918,
          33.53453709895351
        ]
      },
      "properties": {
        "timestamp": "2026-06-01 09:00:00",
        "wbgt": 38.11,
        "risk_level": "moderate"
      }
    },
    {
      "type": "Feature",
      "geometry": {
        "type": "Point",
        "coordinates": [
          -112.10309664048414,
          33.51161567823366
        ]
      },
      "properties": {
        "timestamp": "2026-06-01 10:00:00",
        "wbgt": 42.29,
        "risk_level": "high"
      }
    },
    {
      "type": "Feature",
      "geometry": {
        "type": "Point",
        "coordinates": [
          -111.9008765528755,
          33.433910593953776
        ]
      },
      "properties": {
        "timestamp": "2026-06-01 11:00:00",
        "wbgt": 38.09,
        "risk_level": "moderate"
      }
    },
    {
      "type": "Feature",
      "geometry": {
        "type": "Point",
        "coordinates": [
          -111.90606526264364,
          33.55926485330225
        ]
      },
      "properties": {
        "timestamp": "2026-06-01 12:00:00",
        "wbgt": 41.38,
        "risk_level": "moderate"
      }
    },
    {
      "type": "Feature",
      "geometry": {
        "type": "Point",
        "coordinates": [
          -112.00315979459384,
          33.46744207487816
        ]
      },
      "properties": {
        "timestamp": "2026-06-01 13:00:00",
        "wbgt": 35.52,
        "risk_level": "moderate"
      }
    },
    {
      "type": "Feature",
      "geometry": {
        "type": "Point",
        "coordinates": [
          -112.1610520653145,
          33.46197175185066
        ]
      },
      "properties": {
        "timestamp": "2026-06-01 14:00:00",
        "wbgt": 38.11,
        "risk_level": "moderate"
      }
    },
    {
      "type": "Feature",
      "geometry": {
        "type": "Point",
        "coordinates": [
          -111.99394170069748,
          33.310256329781744
        ]
      },
      "properties": {
        "timestamp": "2026-06-01 15:00:00",
        "wbgt": 38.42,
        "risk_level": "moderate"
      }
    },
    {
      "type": "Feature",
      "geometry": {
        "type": "Point",
        "coordinates": [
          -112.172090854062,
          33.59600789410715
        ]
      },
      "properties": {
        "timestamp": "2026-06-01 16:00:00",
        "wbgt": 34.92,
        "risk_level": "low"
      }
    },
    {
      "type": "Feature",
      "geometry": {
        "type": "Point",
        "coordinates": [
          -112.19119075226928,
          33.336891242558885
        ]
      },
      "properties": {
        "timestamp": "2026-06-01 17:00:00",
        "wbgt": 34.87,
        "risk_level": "low"
      }
    },
    {
      "type": "Feature",
      "geometry": {
        "type": "Point",
        "coordinates": [
          -111.95311246613356,
          33.36933927372829
        ]
      },
      "properties": {
        "timestamp": "2026-06-01 18:00:00",
        "wbgt": 24.87,
        "risk_level": "low"
      }
    },
    {
      "type": "Feature",
      "geometry": {
        "type": "Point",
        "coordinates": [
          -112.1370741156949,
          33.315509051172455
        ]
      },
      "properties": {
        "timestamp": "2026-06-01 19:00:00",
        "wbgt": 27.46,
        "risk_level": "low"
      }
    },
    {
      "type": "Feature",
      "geometry": {
        "type": "Point",
        "coordinates": [
          -112.08629186213427,
          33.492000890051074
        ]
      },
      "properties": {
        "timestamp": "2026-06-01 20:00:00",
        "wbgt": 31.66,
        "risk_level": "low"
      }
    },
    {
      "type": "Feature",
      "geometry": {
        "type": "Point",
        "coordinates": [
          -111.90796278300716,
          33.3674103530918
        ]
      },
      "properties": {
        "timestamp": "2026-06-01 21:00:00",
        "wbgt": 26.18,
        "risk_level": "low"
      }
    },
    {
      "type": "Feature",
      "geometry": {
        "type": "Point",
        "coordinates": [
          -112.09894784944169,
          33.35400313124182
        ]
      },
      "properties": {
        "timestamp": "2026-06-01 22:00:00",
        "wbgt": 30.89,
        "risk_level": "low"
      }
    },
    {
      "type": "Feature",
      "geometry": {
        "type": "Point",
        "coordinates": [
          -112.111053065615,
          33.32656667526697
        ]
      },
      "properties": {
        "timestamp": "2026-06-01 23:00:00",
        "wbgt": 24.49,
        "risk_level": "low"
      }
    },
    {
      "type": "Feature",
      "geometry": {
        "type": "Point",
        "coordinates": [
          -111.92453760011315,
          33.330992687137204
        ]
      },
      "properties": {
        "timestamp": "2026-06-02 00:00:00",
        "wbgt": 28.46,
        "risk_level": "low"
      }
    },
    {
      "type": "Feature",
      "geometry": {
        "type": "Point",
        "coordinates": [
          -112.16677546640432,
          33.47540121013277
        ]
      },
      "properties": {
        "timestamp": "2026-06-02 01:00:00",
        "wbgt": 26.84,
        "risk_level": "low"
      }
    },
    {
      "type": "Feature",
      "geometry": {
        "type": "Point",
        "coordinates": [
          -111.9721252769656,
          33.50646235975998
        ]
      },
      "properties": {
        "timestamp": "2026-06-02 02:00:00",
        "wbgt": 25.95,
        "risk_level": "low"
      }
    },
    {
      "type": "Feature",
      "geometry": {
        "type": "Point",
        "coordinates": [
          -111.90358033000416,
          33.41921369653932
        ]
      },
      "properties": {
        "timestamp": "2026-06-02 03:00:00",
        "wbgt": 30.07,
        "risk_level": "low"
      }
    },
    {
      "type": "Feature",
      "geometry": {
        "type": "Point",
        "coordinates": [
          -111.9296111967676,
          33.44396912447762
        ]
      },
      "properties": {
        "timestamp": "2026-06-02 04:00:00",
        "wbgt": 27.43,
        "risk_level": "low"
      }
    },
    {
      "type": "Feature",
      "geometry": {
        "type": "Point",
        "coordinates": [
          -112.00449962438807,
          33.505790320794894
        ]
      },
      "properties": {
        "timestamp": "2026-06-02 05:00:00",
        "wbgt": 27.5,
        "risk_level": "low"
      }
    },
    {
      "type": "Feature",
      "geometry": {
        "type": "Point",
        "coordinates": [
          -112.1057817615022,
          33.30521393705564
        ]
      },
      "properties": {
        "timestamp": "2026-06-02 06:00:00",
        "wbgt": 26.23,
        "risk_level": "low"
      }
    },
    {
      "type": "Feature",
      "geometry": {
        "type": "Point",
        "coordinates": [
          -112.12370340564652,
          33.396939197121085
        ]
      },
      "properties": {
        "timestamp": "2026-06-02 07:00:00",
        "wbgt": 36.08,
        "risk_level": "moderate"
      }
    },
    {
      "type": "Feature",
      "geometry": {
        "type": "Point",
        "coordinates": [
          -111.95422346853856,
          33.5919293244211
        ]
      },
      "properties": {
        "timestamp": "2026-06-02 08:00:00",
        "wbgt": 31.23,
        "risk_level": "low"
      }
    },
    {
      "type": "Feature",
      "geometry": {
        "type": "Point",
        "coordinates": [
          -111.93605342581448,
          33.47403366890864
        ]
      },
      "properties": {
        "timestamp": "2026-06-02 09:00:00",
        "wbgt": 34.35,
        "risk_level": "low"
      }
    },
    {
      "type": "Feature",
      "geometry": {
        "type": "Point",
        "coordinates": [
          -112.0423695262363,
          33.37626737396925
        ]
      },
      "properties": {
        "timestamp": "2026-06-02 10:00:00",
        "wbgt": 44.12,
        "risk_level": "high"
      }
    },
    {
      "type": "Feature",
      "geometry": {
        "type": "Point",
        "coordinates": [
          -112.12669801776408,
          33.456519013990864
        ]
      },
      "properties": {
        "timestamp": "2026-06-02 11:00:00",
        "wbgt": 40.79,
        "risk_level": "moderate"
      }
    },
    {
      "type": "Feature",
      "geometry": {
        "type": "Point",
        "coordinates": [
          -112.16611703747664,
          33.40279604643627
        ]
      },
      "properties": {
        "timestamp": "2026-06-02 12:00:00",
        "wbgt": 39.47,
        "risk_level": "moderate"
      }
    },
    {
      "type": "Feature",
      "geometry": {
        "type": "Point",
        "coordinates": [
          -112.17384615965044,
          33.45967349664789
        ]
      },
      "properties": {
        "timestamp": "2026-06-02 13:00:00",
        "wbgt": 38.6,
        "risk_level": "moderate"
      }
    },
    {
      "type": "Feature",
      "geometry": {
        "type": "Point",
        "coordinates": [
          -111.98427676579384,
          33.33772245354199
        ]
      },
      "properties": {
        "timestamp": "2026-06-02 14:00:00",
        "wbgt": 39.29,
        "risk_level": "moderate"
      }
    },
    {
      "type": "Feature",
      "geometry": {
        "type": "Point",
        "coordinates": [
          -112.07396438164568,
          33.33981439614578
        ]
      },
      "properties": {
        "timestamp": "2026-06-02 15:00:00",
        "wbgt": 39.98,
        "risk_level": "moderate"
      }
    },
    {
      "type": "Feature",
      "geometry": {
        "type": "Point",
        "coordinates": [
          -111.92839203771663,
          33.34306270861182
        ]
      },
      "properties": {
        "timestamp": "2026-06-02 16:00:00",
        "wbgt": 35.47,
        "risk_level": "moderate"
      }
    },
    {
      "type": "Feature",
      "geometry": {
        "type": "Point",
        "coordinates": [
          -111.97809860978198,
          33.581945937578055
        ]
      },
      "properties": {
        "timestamp": "2026-06-02 17:00:00",
        "wbgt": 29.38,
        "risk_level": "low"
      }
    },
    {
      "type": "Feature",
      "geometry": {
        "type": "Point",
        "coordinates": [
          -112.14262187462565,
          33.519869675502406
        ]
      },
      "properties": {
        "timestamp": "2026-06-02 18:00:00",
        "wbgt": 26.78,
        "risk_level": "low"
      }
    },
    {
      "type": "Feature",
      "geometry": {
        "type": "Point",
        "coordinates": [
          -112.01586677435527,
          33.34871456839869
        ]
      },
      "properties": {
        "timestamp": "2026-06-02 19:00:00",
        "wbgt": 26.44,
        "risk_level": "low"
      }
    },
    {
      "type": "Feature",
      "geometry": {
        "type": "Point",
        "coordinates": [
          -112.06934836368056,
          33.35650472512968
        ]
      },
      "properties": {
        "timestamp": "2026-06-02 20:00:00",
        "wbgt": 26.21,
        "risk_level": "low"
      }
    },
    {
      "type": "Feature",
      "geometry": {
        "type": "Point",
        "coordinates": [
          -112.02682508076944,
          33.519248842461266
        ]
      },
      "properties": {
        "timestamp": "2026-06-02 21:00:00",
        "wbgt": 25.09,
        "risk_level": "low"
      }
    },
    {
      "type": "Feature",
      "geometry": {
        "type": "Point",
        "coordinates": [
          -111.97857926299844,
          33.34684915343765
        ]
      },
      "properties": {
        "timestamp": "2026-06-02 22:00:00",
        "wbgt": 27.85,
        "risk_level": "low"
      }
    },
    {
      "type": "Feature",
      "geometry": {
        "type": "Point",
        "coordinates": [
          -111.95814123569886,
          33.37036838800044
        ]
      },
      "properties": {
        "timestamp": "2026-06-02 23:00:00",
        "wbgt": 29.03,
        "risk_level": "low"
      }
    },
    {
      "type": "Feature",
      "geometry": {
        "type": "Point",
        "coordinates": [
          -111.946878802078,
          33.58900404984612
        ]
      },
      "properties": {
        "timestamp": "2026-06-03 00:00:00",
        "wbgt": 27.29,
        "risk_level": "low"
      }
    },
    {
      "type": "Feature",
      "geometry": {
        "type": "Point",
        "coordinates": [
          -112.1238075376284,
          33.376591957418526
        ]
      },
      "properties": {
        "timestamp": "2026-06-03 01:00:00",
        "wbgt": 27.53,
        "risk_level": "low"
      }
    },
    {
      "type": "Feature",
      "geometry": {
        "type": "Point",
        "coordinates": [
          -112.1906653200248,
          33.498489705111346
        ]
      },
      "properties": {
        "timestamp": "2026-06-03 02:00:00",
        "wbgt": 28.63,
        "risk_level": "low"
      }
    },
    {
      "type": "Feature",
      "geometry": {
        "type": "Point",
        "coordinates": [
          -111.97821157945056,
          33.59358938622016
        ]
      },
      "properties": {
        "timestamp": "2026-06-03 03:00:00",
        "wbgt": 25.37,
        "risk_level": "low"
      }
    },
    {
      "type": "Feature",
      "geometry": {
        "type": "Point",
        "coordinates": [
          -112.16809688212328,
          33.412289030141935
        ]
      },
      "properties": {
        "timestamp": "2026-06-03 04:00:00",
        "wbgt": 29.1,
        "risk_level": "low"
      }
    },
    {
      "type": "Feature",
      "geometry": {
        "type": "Point",
        "coordinates": [
          -112.10552412341612,
          33.30525479725861
        ]
      },
      "properties": {
        "timestamp": "2026-06-03 05:00:00",
        "wbgt": 26.35,
        "risk_level": "low"
      }
    },
    {
      "type": "Feature",
      "geometry": {
        "type": "Point",
        "coordinates": [
          -112.1988548597627,
          33.37324418712671
        ]
      },
      "properties": {
        "timestamp": "2026-06-03 06:00:00",
        "wbgt": 30.74,
        "risk_level": "low"
      }
    },
    {
      "type": "Feature",
      "geometry": {
        "type": "Point",
        "coordinates": [
          -111.99549915527952,
          33.549263157402514
        ]
      },
      "properties": {
        "timestamp": "2026-06-03 07:00:00",
        "wbgt": 34.43,
        "risk_level": "low"
      }
    },
    {
      "type": "Feature",
      "geometry": {
        "type": "Point",
        "coordinates": [
          -112.14986039655864,
          33.55938265078651
        ]
      },
      "properties": {
        "timestamp": "2026-06-03 08:00:00",
        "wbgt": 31.17,
        "risk_level": "low"
      }
    },
    {
      "type": "Feature",
      "geometry": {
        "type": "Point",
        "coordinates": [
          -112.0034152770925,
          33.53055580935714
        ]
      },
      "properties": {
        "timestamp": "2026-06-03 09:00:00",
        "wbgt": 38.98,
        "risk_level": "moderate"
      }
    },
    {
      "type": "Feature",
      "geometry": {
        "type": "Point",
        "coordinates": [
          -111.90247721484964,
          33.33393294572297
        ]
      },
      "properties": {
        "timestamp": "2026-06-03 10:00:00",
        "wbgt": 39.32,
        "risk_level": "moderate"
      }
    },
    {
      "type": "Feature",
      "geometry": {
        "type": "Point",
        "coordinates": [
          -112.178198738517,
          33.53865311150892
        ]
      },
      "properties": {
        "timestamp": "2026-06-03 11:00:00",
        "wbgt": 40.74,
        "risk_level": "moderate"
      }
    },
    {
      "type": "Feature",
      "geometry": {
        "type": "Point",
        "coordinates": [
          -112.17687659641456,
          33.57560333909805
        ]
      },
      "properties": {
        "timestamp": "2026-06-03 12:00:00",
        "wbgt": 34.78,
        "risk_level": "low"
      }
    },
    {
      "type": "Feature",
      "geometry": {
        "type": "Point",
        "coordinates": [
          -112.0978859722,
          33.48018286276387
        ]
      },
      "properties": {
        "timestamp": "2026-06-03 13:00:00",
        "wbgt": 37.12,
        "risk_level": "moderate"
      }
    },
    {
      "type": "Feature",
      "geometry": {
        "type": "Point",
        "coordinates": [
          -111.9400840457246,
          33.58226260690142
        ]
      },
      "properties": {
        "timestamp": "2026-06-03 14:00:00",
        "wbgt": 40.13,
        "risk_level": "moderate"
      }
    },
    {
      "type": "Feature",
      "geometry": {
        "type": "Point",
        "coordinates": [
          -112.1353410393626,
          33.54805166511356
        ]
      },
      "properties": {
        "timestamp": "2026-06-03 15:00:00",
        "wbgt": 33.76,
        "risk_level": "low"
      }
    },
    {
      "type": "Feature",
      "geometry": {
        "type": "Point",
        "coordinates": [
          -112.0918866540209,
          33.50009145509727
        ]
      },
      "properties": {
        "timestamp": "2026-06-03 16:00:00",
        "wbgt": 34.84,
        "risk_level": "low"
      }
    },
    {
      "type": "Feature",
      "geometry": {
        "type": "Point",
        "coordinates": [
          -112.17944837801193,
          33.47315557101352
        ]
      },
      "properties": {
        "timestamp": "2026-06-03 17:00:00",
        "wbgt": 32.98,
        "risk_level": "low"
      }
    },
    {
      "type": "Feature",
      "geometry": {
        "type": "Point",
        "coordinates": [
          -111.97105341262234,
          33.40457210017259
        ]
      },
      "properties": {
        "timestamp": "2026-06-03 18:00:00",
        "wbgt": 28.52,
        "risk_level": "low"
      }
    },
    {
      "type": "Feature",
      "geometry": {
        "type": "Point",
        "coordinates": [
          -112.07750809717216,
          33.34778623357284
        ]
      },
      "properties": {
        "timestamp": "2026-06-03 19:00:00",
        "wbgt": 26.86,
        "risk_level": "low"
      }
    },
    {
      "type": "Feature",
      "geometry": {
        "type": "Point",
        "coordinates": [
          -111.97222538008177,
          33.48148617680716
        ]
      },
      "properties": {
        "timestamp": "2026-06-03 20:00:00",
        "wbgt": 27.91,
        "risk_level": "low"
      }
    },
    {
      "type": "Feature",
      "geometry": {
        "type": "Point",
        "coordinates": [
          -111.92891764669596,
          33.39543346608544
        ]
      },
      "properties": {
        "timestamp": "2026-06-03 21:00:00",
        "wbgt": 28.6,
        "risk_level": "low"
      }
    },
    {
      "type": "Feature",
      "geometry": {
        "type": "Point",
        "coordinates": [
          -112.1301710558696,
          33.559931600258295
        ]
      },
      "properties": {
        "timestamp": "2026-06-03 22:00:00",
        "wbgt": 27.05,
        "risk_level": "low"
      }
    },
    {
      "type": "Feature",
      "geometry": {
        "type": "Point",
        "coordinates": [
          -111.95778119089802,
          33.59800108120759
        ]
      },
      "properties": {
        "timestamp": "2026-06-03 23:00:00",
        "wbgt": 28.43,
        "risk_level": "low"
      }
    },
    {
      "type": "Feature",
      "geometry": {
        "type": "Point",
        "coordinates": [
          -112.18227183297653,
          33.52572832878467
        ]
      },
      "properties": {
        "timestamp": "2026-06-04 00:00:00",
        "wbgt": 24.85,
        "risk_level": "low"
      }
    },
    {
      "type": "Feature",
      "geometry": {
        "type": "Point",
        "coordinates": [
          -111.93034578354592,
          33.32714450858612
        ]
      },
      "properties": {
        "timestamp": "2026-06-04 01:00:00",
        "wbgt": 29.71,
        "risk_level": "low"
      }
    },
    {
      "type": "Feature",
      "geometry": {
        "type": "Point",
        "coordinates": [
          -112.00476943573238,
          33.38660567865919
        ]
      },
      "properties": {
        "timestamp": "2026-06-04 02:00:00",
        "wbgt": 26.25,
        "risk_level": "low"
      }
    },
    {
      "type": "Feature",
      "geometry": {
        "type": "Point",
        "coordinates": [
          -111.9377319827585,
          33.33273288952972
        ]
      },
      "properties": {
        "timestamp": "2026-06-04 03:00:00",
        "wbgt": 26.46,
        "risk_level": "low"
      }
    },
    {
      "type": "Feature",
      "geometry": {
        "type": "Point",
        "coordinates": [
          -112.19994348013304,
          33.495153494337515
        ]
      },
      "properties": {
        "timestamp": "2026-06-04 04:00:00",
        "wbgt": 26.56,
        "risk_level": "low"
      }
    },
    {
      "type": "Feature",
      "geometry": {
        "type": "Point",
        "coordinates": [
          -112.1492756788932,
          33.52955725936673
        ]
      },
      "properties": {
        "timestamp": "2026-06-04 05:00:00",
        "wbgt": 26.33,
        "risk_level": "low"
      }
    },
    {
      "type": "Feature",
      "geometry": {
        "type": "Point",
        "coordinates": [
          -112.08307218377206,
          33.577702449264216
        ]
      },
      "properties": {
        "timestamp": "2026-06-04 06:00:00",
        "wbgt": 29.46,
        "risk_level": "low"
      }
    },
    {
      "type": "Feature",
      "geometry": {
        "type": "Point",
        "coordinates": [
          -112.0861491289876,
          33.43145170392359
        ]
      },
      "properties": {
        "timestamp": "2026-06-04 07:00:00",
        "wbgt": 28.8,
        "risk_level": "low"
      }
    },
    {
      "type": "Feature",
      "geometry": {
        "type": "Point",
        "coordinates": [
          -112.13198088512296,
          33.57041269487654
        ]
      },
      "properties": {
        "timestamp": "2026-06-04 08:00:00",
        "wbgt": 33.19,
        "risk_level": "low"
      }
    },
    {
      "type": "Feature",
      "geometry": {
        "type": "Point",
        "coordinates": [
          -112.08551641803984,
          33.5633673477124
        ]
      },
      "properties": {
        "timestamp": "2026-06-04 09:00:00",
        "wbgt": 39.47,
        "risk_level": "moderate"
      }
    },
    {
      "type": "Feature",
      "geometry": {
        "type": "Point",
        "coordinates": [
          -112.16134538639992,
          33.395158715029616
        ]
      },
      "properties": {
        "timestamp": "2026-06-04 10:00:00",
        "wbgt": 42.1,
        "risk_level": "high"
      }
    },
    {
      "type": "Feature",
      "geometry": {
        "type": "Point",
        "coordinates": [
          -112.0761716612202,
          33.560670187662176
        ]
      },
      "properties": {
        "timestamp": "2026-06-04 11:00:00",
        "wbgt": 42.88,
        "risk_level": "high"
      }
    },
    {
      "type": "Feature",
      "geometry": {
        "type": "Point",
        "coordinates": [
          -111.95929370125222,
          33.41270167556452
        ]
      },
      "properties": {
        "timestamp": "2026-06-04 12:00:00",
        "wbgt": 41.95,
        "risk_level": "high"
      }
    },
    {
      "type": "Feature",
      "geometry": {
        "type": "Point",
        "coordinates": [
          -112.056278981069,
          33.389060782368084
        ]
      },
      "properties": {
        "timestamp": "2026-06-04 13:00:00",
        "wbgt": 36.21,
        "risk_level": "moderate"
      }
    },
    {
      "type": "Feature",
      "geometry": {
        "type": "Point",
        "coordinates": [
          -112.19459997331644,
          33.49472239763832
        ]
      },
      "properties": {
        "timestamp": "2026-06-04 14:00:00",
        "wbgt": 36.99,
        "risk_level": "moderate"
      }
    },
    {
      "type": "Feature",
      "geometry": {
        "type": "Point",
        "coordinates": [
          -112.07356678752625,
          33.398514368365525
        ]
      },
      "properties": {
        "timestamp": "2026-06-04 15:00:00",
        "wbgt": 33.42,
        "risk_level": "low"
      }
    },
    {
      "type": "Feature",
      "geometry": {
        "type": "Point",
        "coordinates": [
          -112.19184749517277,
          33.48906262449874
        ]
      },
      "properties": {
        "timestamp": "2026-06-04 16:00:00",
        "wbgt": 31.83,
        "risk_level": "low"
      }
    },
    {
      "type": "Feature",
      "geometry": {
        "type": "Point",
        "coordinates": [
          -111.91012697678796,
          33.48294954164961
        ]
      },
      "properties": {
        "timestamp": "2026-06-04 17:00:00",
        "wbgt": 35.22,
        "risk_level": "moderate"
      }
    },
    {
      "type": "Feature",
      "geometry": {
        "type": "Point",
        "coordinates": [
          -112.16176381217316,
          33.46903167820454
        ]
      },
      "properties": {
        "timestamp": "2026-06-04 18:00:00",
        "wbgt": 27.85,
        "risk_level": "low"
      }
    },
    {
      "type": "Feature",
      "geometry": {
        "type": "Point",
        "coordinates": [
          -111.98769350210084,
          33.414125911269835
        ]
      },
      "properties": {
        "timestamp": "2026-06-04 19:00:00",
        "wbgt": 27.83,
        "risk_level": "low"
      }
    },
    {
      "type": "Feature",
      "geometry": {
        "type": "Point",
        "coordinates": [
          -111.9081671031324,
          33.46454991649544
        ]
      },
      "properties": {
        "timestamp": "2026-06-04 20:00:00",
        "wbgt": 28.8,
        "risk_level": "low"
      }
    },
    {
      "type": "Feature",
      "geometry": {
        "type": "Point",
        "coordinates": [
          -111.95218828450004,
          33.478945642495624
        ]
      },
      "properties": {
        "timestamp": "2026-06-04 21:00:00",
        "wbgt": 28.15,
        "risk_level": "low"
      }
    },
    {
      "type": "Feature",
      "geometry": {
        "type": "Point",
        "coordinates": [
          -111.99020538746214,
          33.46370606654864
        ]
      },
      "properties": {
        "timestamp": "2026-06-04 22:00:00",
        "wbgt": 25.65,
        "risk_level": "low"
      }
    },
    {
      "type": "Feature",
      "geometry": {
        "type": "Point",
        "coordinates": [
          -111.94816172714978,
          33.43332583582536
        ]
      },
      "properties": {
        "timestamp": "2026-06-04 23:00:00",
        "wbgt": 25.72,
        "risk_level": "low"
      }
    },
    {
      "type": "Feature",
      "geometry": {
        "type": "Point",
        "coordinates": [
          -111.90546039202182,
          33.30440011711388
        ]
      },
      "properties": {
        "timestamp": "2026-06-05 00:00:00",
        "wbgt": 27.99,
        "risk_level": "low"
      }
    },
    {
      "type": "Feature",
      "geometry": {
        "type": "Point",
        "coordinates": [
          -112.01359665082394,
          33.47611851231034
        ]
      },
      "properties": {
        "timestamp": "2026-06-05 01:00:00",
        "wbgt": 29.91,
        "risk_level": "low"
      }
    },
    {
      "type": "Feature",
      "geometry": {
        "type": "Point",
        "coordinates": [
          -112.0322445579512,
          33.35053331554281
        ]
      },
      "properties": {
        "timestamp": "2026-06-05 02:00:00",
        "wbgt": 25.48,
        "risk_level": "low"
      }
    },
    {
      "type": "Feature",
      "geometry": {
        "type": "Point",
        "coordinates": [
          -112.01152856686102,
          33.49277279068416
        ]
      },
      "properties": {
        "timestamp": "2026-06-05 03:00:00",
        "wbgt": 26.07,
        "risk_level": "low"
      }
    },
    {
      "type": "Feature",
      "geometry": {
        "type": "Point",
        "coordinates": [
          -112.04019723397154,
          33.52780329837686
        ]
      },
      "properties": {
        "timestamp": "2026-06-05 04:00:00",
        "wbgt": 26.5,
        "risk_level": "low"
      }
    },
    {
      "type": "Feature",
      "geometry": {
        "type": "Point",
        "coordinates": [
          -112.00947326822708,
          33.45013359273922
        ]
      },
      "properties": {
        "timestamp": "2026-06-05 05:00:00",
        "wbgt": 26.17,
        "risk_level": "low"
      }
    },
    {
      "type": "Feature",
      "geometry": {
        "type": "Point",
        "coordinates": [
          -112.06504733760823,
          33.46270909949392
        ]
      },
      "properties": {
        "timestamp": "2026-06-05 06:00:00",
        "wbgt": 28.47,
        "risk_level": "low"
      }
    },
    {
      "type": "Feature",
      "geometry": {
        "type": "Point",
        "coordinates": [
          -112.134467045135,
          33.5854435678998
        ]
      },
      "properties": {
        "timestamp": "2026-06-05 07:00:00",
        "wbgt": 29.8,
        "risk_level": "low"
      }
    },
    {
      "type": "Feature",
      "geometry": {
        "type": "Point",
        "coordinates": [
          -112.1639258320465,
          33.55415020841177
        ]
      },
      "properties": {
        "timestamp": "2026-06-05 08:00:00",
        "wbgt": 32.73,
        "risk_level": "low"
      }
    },
    {
      "type": "Feature",
      "geometry": {
        "type": "Point",
        "coordinates": [
          -112.17949771934032,
          33.57427095478544
        ]
      },
      "properties": {
        "timestamp": "2026-06-05 09:00:00",
        "wbgt": 40.66,
        "risk_level": "moderate"
      }
    },
    {
      "type": "Feature",
      "geometry": {
        "type": "Point",
        "coordinates": [
          -112.12100526487404,
          33.544129886495874
        ]
      },
      "properties": {
        "timestamp": "2026-06-05 10:00:00",
        "wbgt": 42.97,
        "risk_level": "high"
      }
    },
    {
      "type": "Feature",
      "geometry": {
        "type": "Point",
        "coordinates": [
          -112.18616293069928,
          33.33267550255402
        ]
      },
      "properties": {
        "timestamp": "2026-06-05 11:00:00",
        "wbgt": 35.59,
        "risk_level": "moderate"
      }
    },
    {
      "type": "Feature",
      "geometry": {
        "type": "Point",
        "coordinates": [
          -112.0298487660242,
          33.344697556791054
        ]
      },
      "properties": {
        "timestamp": "2026-06-05 12:00:00",
        "wbgt": 41.42,
        "risk_level": "moderate"
      }
    },
    {
      "type": "Feature",
      "geometry": {
        "type": "Point",
        "coordinates": [
          -112.11485146589295,
          33.45798713918069
        ]
      },
      "properties": {
        "timestamp": "2026-06-05 13:00:00",
        "wbgt": 42.7,
        "risk_level": "high"
      }
    },
    {
      "type": "Feature",
      "geometry": {
        "type": "Point",
        "coordinates": [
          -111.95263955757387,
          33.3738208976394
        ]
      },
      "properties": {
        "timestamp": "2026-06-05 14:00:00",
        "wbgt": 37.44,
        "risk_level": "moderate"
      }
    },
    {
      "type": "Feature",
      "geometry": {
        "type": "Point",
        "coordinates": [
          -112.17772773810348,
          33.443008642512346
        ]
      },
      "properties": {
        "timestamp": "2026-06-05 15:00:00",
        "wbgt": 33.37,
        "risk_level": "low"
      }
    },
    {
      "type": "Feature",
      "geometry": {
        "type": "Point",
        "coordinates": [
          -112.13209455169756,
          33.4183095971455
        ]
      },
      "properties": {
        "timestamp": "2026-06-05 16:00:00",
        "wbgt": 37.58,
        "risk_level": "moderate"
      }
    },
    {
      "type": "Feature",
      "geometry": {
        "type": "Point",
        "coordinates": [
          -111.98092615587296,
          33.46482427152914
        ]
      },
      "properties": {
        "timestamp": "2026-06-05 17:00:00",
        "wbgt": 33.77,
        "risk_level": "low"
      }
    },
    {
      "type": "Feature",
      "geometry": {
        "type": "Point",
        "coordinates": [
          -112.02035751108497,
          33.524062714840746
        ]
      },
      "properties": {
        "timestamp": "2026-06-05 18:00:00",
        "wbgt": 25.72,
        "risk_level": "low"
      }
    },
    {
      "type": "Feature",
      "geometry": {
        "type": "Point",
        "coordinates": [
          -112.18065261862526,
          33.514647272129785
        ]
      },
      "properties": {
        "timestamp": "2026-06-05 19:00:00",
        "wbgt": 26.62,
        "risk_level": "low"
      }
    },
    {
      "type": "Feature",
      "geometry": {
        "type": "Point",
        "coordinates": [
          -111.93682816285134,
          33.4563702397456
        ]
      },
      "properties": {
        "timestamp": "2026-06-05 20:00:00",
        "wbgt": 26.01,
        "risk_level": "low"
      }
    },
    {
      "type": "Feature",
      "geometry": {
        "type": "Point",
        "coordinates": [
          -111.93682147115216,
          33.54671802564512
        ]
      },
      "properties": {
        "timestamp": "2026-06-05 21:00:00",
        "wbgt": 28.45,
        "risk_level": "low"
      }
    },
    {
      "type": "Feature",
      "geometry": {
        "type": "Point",
        "coordinates": [
          -112.10087759883729,
          33.42925862746141
        ]
      },
      "properties": {
        "timestamp": "2026-06-05 22:00:00",
        "wbgt": 27.04,
        "risk_level": "low"
      }
    },
    {
      "type": "Feature",
      "geometry": {
        "type": "Point",
        "coordinates": [
          -112.09787824699514,
          33.56901428695204
        ]
      },
      "properties": {
        "timestamp": "2026-06-05 23:00:00",
        "wbgt": 27.2,
        "risk_level": "low"
      }
    },
    {
      "type": "Feature",
      "geometry": {
        "type": "Point",
        "coordinates": [
          -111.90329149249496,
          33.32138408101655
        ]
      },
      "properties": {
        "timestamp": "2026-06-06 00:00:00",
        "wbgt": 31.39,
        "risk_level": "low"
      }
    },
    {
      "type": "Feature",
      "geometry": {
        "type": "Point",
        "coordinates": [
          -112.01214714852206,
          33.58639800900999
        ]
      },
      "properties": {
        "timestamp": "2026-06-06 01:00:00",
        "wbgt": 26.05,
        "risk_level": "low"
      }
    },
    {
      "type": "Feature",
      "geometry": {
        "type": "Point",
        "coordinates": [
          -112.0406050438296,
          33.496407924429406
        ]
      },
      "properties": {
        "timestamp": "2026-06-06 02:00:00",
        "wbgt": 26.66,
        "risk_level": "low"
      }
    },
    {
      "type": "Feature",
      "geometry": {
        "type": "Point",
        "coordinates": [
          -111.94855434493442,
          33.41402235268116
        ]
      },
      "properties": {
        "timestamp": "2026-06-06 03:00:00",
        "wbgt": 23.63,
        "risk_level": "low"
      }
    },
    {
      "type": "Feature",
      "geometry": {
        "type": "Point",
        "coordinates": [
          -112.1144128984928,
          33.35914623797186
        ]
      },
      "properties": {
        "timestamp": "2026-06-06 04:00:00",
        "wbgt": 26.75,
        "risk_level": "low"
      }
    },
    {
      "type": "Feature",
      "geometry": {
        "type": "Point",
        "coordinates": [
          -112.0712452219811,
          33.44375496883308
        ]
      },
      "properties": {
        "timestamp": "2026-06-06 05:00:00",
        "wbgt": 29.21,
        "risk_level": "low"
      }
    },
    {
      "type": "Feature",
      "geometry": {
        "type": "Point",
        "coordinates": [
          -112.1196669973535,
          33.35836749695559
        ]
      },
      "properties": {
        "timestamp": "2026-06-06 06:00:00",
        "wbgt": 27.52,
        "risk_level": "low"
      }
    },
    {
      "type": "Feature",
      "geometry": {
        "type": "Point",
        "coordinates": [
          -111.9632517460234,
          33.34989948232294
        ]
      },
      "properties": {
        "timestamp": "2026-06-06 07:00:00",
        "wbgt": 28.1,
        "risk_level": "low"
      }
    },
    {
      "type": "Feature",
      "geometry": {
        "type": "Point",
        "coordinates": [
          -112.02799519630943,
          33.48520552722389
        ]
      },
      "properties": {
        "timestamp": "2026-06-06 08:00:00",
        "wbgt": 31.06,
        "risk_level": "low"
      }
    },
    {
      "type": "Feature",
      "geometry": {
        "type": "Point",
        "coordinates": [
          -112.002352478958,
          33.456925417374535
        ]
      },
      "properties": {
        "timestamp": "2026-06-06 09:00:00",
        "wbgt": 37.85,
        "risk_level": "moderate"
      }
    },
    {
      "type": "Feature",
      "geometry": {
        "type": "Point",
        "coordinates": [
          -112.12430782504818,
          33.50102881038328
        ]
      },
      "properties": {
        "timestamp": "2026-06-06 10:00:00",
        "wbgt": 37.69,
        "risk_level": "moderate"
      }
    },
    {
      "type": "Feature",
      "geometry": {
        "type": "Point",
        "coordinates": [
          -112.1339324095868,
          33.5788817632266
        ]
      },
      "properties": {
        "timestamp": "2026-06-06 11:00:00",
        "wbgt": 38.75,
        "risk_level": "moderate"
      }
    },
    {
      "type": "Feature",
      "geometry": {
        "type": "Point",
        "coordinates": [
          -112.05348761130512,
          33.459678064001714
        ]
      },
      "properties": {
        "timestamp": "2026-06-06 12:00:00",
        "wbgt": 38.7,
        "risk_level": "moderate"
      }
    },
    {
      "type": "Feature",
      "geometry": {
        "type": "Point",
        "coordinates": [
          -111.97873027527216,
          33.47427961597884
        ]
      },
      "properties": {
        "timestamp": "2026-06-06 13:00:00",
        "wbgt": 38.54,
        "risk_level": "moderate"
      }
    },
    {
      "type": "Feature",
      "geometry": {
        "type": "Point",
        "coordinates": [
          -112.04242807274396,
          33.32688790174648
        ]
      },
      "properties": {
        "timestamp": "2026-06-06 14:00:00",
        "wbgt": 36.49,
        "risk_level": "moderate"
      }
    },
    {
      "type": "Feature",
      "geometry": {
        "type": "Point",
        "coordinates": [
          -112.1902062967363,
          33.51529073577259
        ]
      },
      "properties": {
        "timestamp": "2026-06-06 15:00:00",
        "wbgt": 38.52,
        "risk_level": "moderate"
      }
    },
    {
      "type": "Feature",
      "geometry": {
        "type": "Point",
        "coordinates": [
          -111.93943454810392,
          33.41997156204125
        ]
      },
      "properties": {
        "timestamp": "2026-06-06 16:00:00",
        "wbgt": 31.67,
        "risk_level": "low"
      }
    },
    {
      "type": "Feature",
      "geometry": {
        "type": "Point",
        "coordinates": [
          -112.18059393194548,
          33.59301757159877
        ]
      },
      "properties": {
        "timestamp": "2026-06-06 17:00:00",
        "wbgt": 33.06,
        "risk_level": "low"
      }
    },
    {
      "type": "Feature",
      "geometry": {
        "type": "Point",
        "coordinates": [
          -111.91325265488378,
          33.546952204678696
        ]
      },
      "properties": {
        "timestamp": "2026-06-06 18:00:00",
        "wbgt": 26.05,
        "risk_level": "low"
      }
    },
    {
      "type": "Feature",
      "geometry": {
        "type": "Point",
        "coordinates": [
          -112.19245741251682,
          33.45674431215483
        ]
      },
      "properties": {
        "timestamp": "2026-06-06 19:00:00",
        "wbgt": 27.8,
        "risk_level": "low"
      }
    },
    {
      "type": "Feature",
      "geometry": {
        "type": "Point",
        "coordinates": [
          -111.9916648631608,
          33.336966796251644
        ]
      },
      "properties": {
        "timestamp": "2026-06-06 20:00:00",
        "wbgt": 26.04,
        "risk_level": "low"
      }
    },
    {
      "type": "Feature",
      "geometry": {
        "type": "Point",
        "coordinates": [
          -112.17533788088647,
          33.55782473798418
        ]
      },
      "properties": {
        "timestamp": "2026-06-06 21:00:00",
        "wbgt": 31.33,
        "risk_level": "low"
      }
    },
    {
      "type": "Feature",
      "geometry": {
        "type": "Point",
        "coordinates": [
          -111.92679702616948,
          33.539934328627204
        ]
      },
      "properties": {
        "timestamp": "2026-06-06 22:00:00",
        "wbgt": 26.8,
        "risk_level": "low"
      }
    },
    {
      "type": "Feature",
      "geometry": {
        "type": "Point",
        "coordinates": [
          -112.06067002913234,
          33.35537553886111
        ]
      },
      "properties": {
        "timestamp": "2026-06-06 23:00:00",
        "wbgt": 30.22,
        "risk_level": "low"
      }
    },
    {
      "type": "Feature",
      "geometry": {
        "type": "Point",
        "coordinates": [
          -112.15874286755488,
          33.388583486766095
        ]
      },
      "properties": {
        "timestamp": "2026-06-07 00:00:00",
        "wbgt": 26.37,
        "risk_level": "low"
      }
    },
    {
      "type": "Feature",
      "geometry": {
        "type": "Point",
        "coordinates": [
          -112.09775529006303,
          33.538022177444354
        ]
      },
      "properties": {
        "timestamp": "2026-06-07 01:00:00",
        "wbgt": 29.12,
        "risk_level": "low"
      }
    },
    {
      "type": "Feature",
      "geometry": {
        "type": "Point",
        "coordinates": [
          -112.15055259739596,
          33.355568533964224
        ]
      },
      "properties": {
        "timestamp": "2026-06-07 02:00:00",
        "wbgt": 26.3,
        "risk_level": "low"
      }
    },
    {
      "type": "Feature",
      "geometry": {
        "type": "Point",
        "coordinates": [
          -112.14882542653288,
          33.57532574675142
        ]
      },
      "properties": {
        "timestamp": "2026-06-07 03:00:00",
        "wbgt": 27.36,
        "risk_level": "low"
      }
    },
    {
      "type": "Feature",
      "geometry": {
        "type": "Point",
        "coordinates": [
          -111.91556750394858,
          33.427358227558905
        ]
      },
      "properties": {
        "timestamp": "2026-06-07 04:00:00",
        "wbgt": 29.15,
        "risk_level": "low"
      }
    },
    {
      "type": "Feature",
      "geometry": {
        "type": "Point",
        "coordinates": [
          -112.06642616631456,
          33.326111688776294
        ]
      },
      "properties": {
        "timestamp": "2026-06-07 05:00:00",
        "wbgt": 28.72,
        "risk_level": "low"
      }
    },
    {
      "type": "Feature",
      "geometry": {
        "type": "Point",
        "coordinates": [
          -111.9633593208284,
          33.544724593051285
        ]
      },
      "properties": {
        "timestamp": "2026-06-07 06:00:00",
        "wbgt": 28.0,
        "risk_level": "low"
      }
    },
    {
      "type": "Feature",
      "geometry": {
        "type": "Point",
        "coordinates": [
          -112.0081183316467,
          33.41205290491151
        ]
      },
      "properties": {
        "timestamp": "2026-06-07 07:00:00",
        "wbgt": 30.53,
        "risk_level": "low"
      }
    },
    {
      "type": "Feature",
      "geometry": {
        "type": "Point",
        "coordinates": [
          -111.99707209129848,
          33.45794975824614
        ]
      },
      "properties": {
        "timestamp": "2026-06-07 08:00:00",
        "wbgt": 32.41,
        "risk_level": "low"
      }
    },
    {
      "type": "Feature",
      "geometry": {
        "type": "Point",
        "coordinates": [
          -112.1604919684584,
          33.33369130332336
        ]
      },
      "properties": {
        "timestamp": "2026-06-07 09:00:00",
        "wbgt": 33.16,
        "risk_level": "low"
      }
    },
    {
      "type": "Feature",
      "geometry": {
        "type": "Point",
        "coordinates": [
          -112.12974466595536,
          33.300775204453494
        ]
      },
      "properties": {
        "timestamp": "2026-06-07 10:00:00",
        "wbgt": 43.42,
        "risk_level": "high"
      }
    },
    {
      "type": "Feature",
      "geometry": {
        "type": "Point",
        "coordinates": [
          -111.96397489945367,
          33.49139556173799
        ]
      },
      "properties": {
        "timestamp": "2026-06-07 11:00:00",
        "wbgt": 40.6,
        "risk_level": "moderate"
      }
    },
    {
      "type": "Feature",
      "geometry": {
        "type": "Point",
        "coordinates": [
          -111.90877013805758,
          33.45455255110012
        ]
      },
      "properties": {
        "timestamp": "2026-06-07 12:00:00",
        "wbgt": 48.74,
        "risk_level": "high"
      }
    },
    {
      "type": "Feature",
      "geometry": {
        "type": "Point",
        "coordinates": [
          -112.1211973072204,
          33.47806157073694
        ]
      },
      "properties": {
        "timestamp": "2026-06-07 13:00:00",
        "wbgt": 37.23,
        "risk_level": "moderate"
      }
    },
    {
      "type": "Feature",
      "geometry": {
        "type": "Point",
        "coordinates": [
          -112.11852937057468,
          33.53812315511416
        ]
      },
      "properties": {
        "timestamp": "2026-06-07 14:00:00",
        "wbgt": 39.96,
        "risk_level": "moderate"
      }
    },
    {
      "type": "Feature",
      "geometry": {
        "type": "Point",
        "coordinates": [
          -112.05813086015674,
          33.49398177402686
        ]
      },
      "properties": {
        "timestamp": "2026-06-07 15:00:00",
        "wbgt": 39.93,
        "risk_level": "moderate"
      }
    },
    {
      "type": "Feature",
      "geometry": {
        "type": "Point",
        "coordinates": [
          -111.90484790614336,
          33.35243203284821
        ]
      },
      "properties": {
        "timestamp": "2026-06-07 16:00:00",
        "wbgt": 33.22,
        "risk_level": "low"
      }
    },
    {
      "type": "Feature",
      "geometry": {
        "type": "Point",
        "coordinates": [
          -112.11931231625206,
          33.408231755733176
        ]
      },
      "properties": {
        "timestamp": "2026-06-07 17:00:00",
        "wbgt": 32.68,
        "risk_level": "low"
      }
    },
    {
      "type": "Feature",
      "geometry": {
        "type": "Point",
        "coordinates": [
          -112.07790842710972,
          33.57176733143633
        ]
      },
      "properties": {
        "timestamp": "2026-06-07 18:00:00",
        "wbgt": 28.82,
        "risk_level": "low"
      }
    },
    {
      "type": "Feature",
      "geometry": {
        "type": "Point",
        "coordinates": [
          -111.93255599531297,
          33.53098341007551
        ]
      },
      "properties": {
        "timestamp": "2026-06-07 19:00:00",
        "wbgt": 28.3,
        "risk_level": "low"
      }
    },
    {
      "type": "Feature",
      "geometry": {
        "type": "Point",
        "coordinates": [
          -112.1991236902136,
          33.46699111738101
        ]
      },
      "properties": {
        "timestamp": "2026-06-07 20:00:00",
        "wbgt": 29.62,
        "risk_level": "low"
      }
    },
    {
      "type": "Feature",
      "geometry": {
        "type": "Point",
        "coordinates": [
          -112.18807021050344,
          33.37669349934278
        ]
      },
      "properties": {
        "timestamp": "2026-06-07 21:00:00",
        "wbgt": 26.11,
        "risk_level": "low"
      }
    },
    {
      "type": "Feature",
      "geometry": {
        "type": "Point",
        "coordinates": [
          -112.01877849687864,
          33.39061815055044
        ]
      },
      "properties": {
        "timestamp": "2026-06-07 22:00:00",
        "wbgt": 28.43,
        "risk_level": "low"
      }
    },
    {
      "type": "Feature",
      "geometry": {
        "type": "Point",
        "coordinates": [
          -111.92778595058616,
          33.51958742027569
        ]
      },
      "properties": {
        "timestamp": "2026-06-07 23:00:00",
        "wbgt": 33.82,
        "risk_level": "low"
      }
    },
    {
      "type": "Feature",
      "geometry": {
        "type": "Point",
        "coordinates": [
          -112.12834300187944,
          33.55535227825583
        ]
      },
      "properties": {
        "timestamp": "2026-06-08 00:00:00",
        "wbgt": 29.57,
        "risk_level": "low"
      }
    },
    {
      "type": "Feature",
      "geometry": {
        "type": "Point",
        "coordinates": [
          -112.0591074675958,
          33.501427400859185
        ]
      },
      "properties": {
        "timestamp": "2026-06-08 01:00:00",
        "wbgt": 29.37,
        "risk_level": "low"
      }
    },
    {
      "type": "Feature",
      "geometry": {
        "type": "Point",
        "coordinates": [
          -112.06486040950266,
          33.54285899273053
        ]
      },
      "properties": {
        "timestamp": "2026-06-08 02:00:00",
        "wbgt": 27.46,
        "risk_level": "low"
      }
    },
    {
      "type": "Feature",
      "geometry": {
        "type": "Point",
        "coordinates": [
          -112.05810859617137,
          33.52999684056012
        ]
      },
      "properties": {
        "timestamp": "2026-06-08 03:00:00",
        "wbgt": 25.59,
        "risk_level": "low"
      }
    },
    {
      "type": "Feature",
      "geometry": {
        "type": "Point",
        "coordinates": [
          -112.01324409128108,
          33.34491119038709
        ]
      },
      "properties": {
        "timestamp": "2026-06-08 04:00:00",
        "wbgt": 26.18,
        "risk_level": "low"
      }
    },
    {
      "type": "Feature",
      "geometry": {
        "type": "Point",
        "coordinates": [
          -112.0590768711028,
          33.42718344387399
        ]
      },
      "properties": {
        "timestamp": "2026-06-08 05:00:00",
        "wbgt": 26.63,
        "risk_level": "low"
      }
    },
    {
      "type": "Feature",
      "geometry": {
        "type": "Point",
        "coordinates": [
          -112.06575955760329,
          33.345895140248565
        ]
      },
      "properties": {
        "timestamp": "2026-06-08 06:00:00",
        "wbgt": 25.53,
        "risk_level": "low"
      }
    },
    {
      "type": "Feature",
      "geometry": {
        "type": "Point",
        "coordinates": [
          -112.05771347387062,
          33.3705706754406
        ]
      },
      "properties": {
        "timestamp": "2026-06-08 07:00:00",
        "wbgt": 31.29,
        "risk_level": "low"
      }
    },
    {
      "type": "Feature",
      "geometry": {
        "type": "Point",
        "coordinates": [
          -112.02273976761867,
          33.56077788739532
        ]
      },
      "properties": {
        "timestamp": "2026-06-08 08:00:00",
        "wbgt": 31.59,
        "risk_level": "low"
      }
    },
    {
      "type": "Feature",
      "geometry": {
        "type": "Point",
        "coordinates": [
          -112.0388977534946,
          33.44186758968996
        ]
      },
      "properties": {
        "timestamp": "2026-06-08 09:00:00",
        "wbgt": 37.5,
        "risk_level": "moderate"
      }
    },
    {
      "type": "Feature",
      "geometry": {
        "type": "Point",
        "coordinates": [
          -111.94375920070486,
          33.4606074305528
        ]
      },
      "properties": {
        "timestamp": "2026-06-08 10:00:00",
        "wbgt": 41.68,
        "risk_level": "high"
      }
    },
    {
      "type": "Feature",
      "geometry": {
        "type": "Point",
        "coordinates": [
          -112.1851509439519,
          33.35353378956833
        ]
      },
      "properties": {
        "timestamp": "2026-06-08 11:00:00",
        "wbgt": 42.91,
        "risk_level": "high"
      }
    },
    {
      "type": "Feature",
      "geometry": {
        "type": "Point",
        "coordinates": [
          -111.9500048785581,
          33.39368153581464
        ]
      },
      "properties": {
        "timestamp": "2026-06-08 12:00:00",
        "wbgt": 45.47,
        "risk_level": "high"
      }
    },
    {
      "type": "Feature",
      "geometry": {
        "type": "Point",
        "coordinates": [
          -111.9468226162165,
          33.36907385052836
        ]
      },
      "properties": {
        "timestamp": "2026-06-08 13:00:00",
        "wbgt": 39.24,
        "risk_level": "moderate"
      }
    },
    {
      "type": "Feature",
      "geometry": {
        "type": "Point",
        "coordinates": [
          -112.11452759354071,
          33.36185584935553
        ]
      },
      "properties": {
        "timestamp": "2026-06-08 14:00:00",
        "wbgt": 34.06,
        "risk_level": "low"
      }
    },
    {
      "type": "Feature",
      "geometry": {
        "type": "Point",
        "coordinates": [
          -112.06114441349524,
          33.49138823799479
        ]
      },
      "properties": {
        "timestamp": "2026-06-08 15:00:00",
        "wbgt": 35.34,
        "risk_level": "moderate"
      }
    },
    {
      "type": "Feature",
      "geometry": {
        "type": "Point",
        "coordinates": [
          -112.06843845343876,
          33.37706515429371
        ]
      },
      "properties": {
        "timestamp": "2026-06-08 16:00:00",
        "wbgt": 29.97,
        "risk_level": "low"
      }
    },
    {
      "type": "Feature",
      "geometry": {
        "type": "Point",
        "coordinates": [
          -112.13444704969376,
          33.489604645806125
        ]
      },
      "properties": {
        "timestamp": "2026-06-08 17:00:00",
        "wbgt": 30.43,
        "risk_level": "low"
      }
    },
    {
      "type": "Feature",
      "geometry": {
        "type": "Point",
        "coordinates": [
          -112.08096094587412,
          33.31753638423256
        ]
      },
      "properties": {
        "timestamp": "2026-06-08 18:00:00",
        "wbgt": 30.19,
        "risk_level": "low"
      }
    },
    {
      "type": "Feature",
      "geometry": {
        "type": "Point",
        "coordinates": [
          -112.18668366834876,
          33.342532318058126
        ]
      },
      "properties": {
        "timestamp": "2026-06-08 19:00:00",
        "wbgt": 25.79,
        "risk_level": "low"
      }
    },
    {
      "type": "Feature",
      "geometry": {
        "type": "Point",
        "coordinates": [
          -112.11665337816548,
          33.38236207620004
        ]
      },
      "properties": {
        "timestamp": "2026-06-08 20:00:00",
        "wbgt": 25.35,
        "risk_level": "low"
      }
    },
    {
      "type": "Feature",
      "geometry": {
        "type": "Point",
        "coordinates": [
          -111.9549953473648,
          33.47911407506871
        ]
      },
      "properties": {
        "timestamp": "2026-06-08 21:00:00",
        "wbgt": 25.67,
        "risk_level": "low"
      }
    },
    {
      "type": "Feature",
      "geometry": {
        "type": "Point",
        "coordinates": [
          -112.11463130947114,
          33.502752373526214
        ]
      },
      "properties": {
        "timestamp": "2026-06-08 22:00:00",
        "wbgt": 30.04,
        "risk_level": "low"
      }
    },
    {
      "type": "Feature",
      "geometry": {
        "type": "Point",
        "coordinates": [
          -111.95453799937552,
          33.432815090033856
        ]
      },
      "properties": {
        "timestamp": "2026-06-08 23:00:00",
        "wbgt": 31.02,
        "risk_level": "low"
      }
    },
    {
      "type": "Feature",
      "geometry": {
        "type": "Point",
        "coordinates": [
          -112.04052016061868,
          33.433737274373165
        ]
      },
      "properties": {
        "timestamp": "2026-06-09 00:00:00",
        "wbgt": 29.94,
        "risk_level": "low"
      }
    },
    {
      "type": "Feature",
      "geometry": {
        "type": "Point",
        "coordinates": [
          -111.93604119679166,
          33.517355055419586
        ]
      },
      "properties": {
        "timestamp": "2026-06-09 01:00:00",
        "wbgt": 24.44,
        "risk_level": "low"
      }
    },
    {
      "type": "Feature",
      "geometry": {
        "type": "Point",
        "coordinates": [
          -112.02756613372068,
          33.30474632752967
        ]
      },
      "properties": {
        "timestamp": "2026-06-09 02:00:00",
        "wbgt": 30.2,
        "risk_level": "low"
      }
    },
    {
      "type": "Feature",
      "geometry": {
        "type": "Point",
        "coordinates": [
          -112.19109953308056,
          33.402327007342265
        ]
      },
      "properties": {
        "timestamp": "2026-06-09 03:00:00",
        "wbgt": 30.12,
        "risk_level": "low"
      }
    },
    {
      "type": "Feature",
      "geometry": {
        "type": "Point",
        "coordinates": [
          -111.99737393773589,
          33.54561211713577
        ]
      },
      "properties": {
        "timestamp": "2026-06-09 04:00:00",
        "wbgt": 27.33,
        "risk_level": "low"
      }
    },
    {
      "type": "Feature",
      "geometry": {
        "type": "Point",
        "coordinates": [
          -112.18654392959291,
          33.48096582306401
        ]
      },
      "properties": {
        "timestamp": "2026-06-09 05:00:00",
        "wbgt": 30.82,
        "risk_level": "low"
      }
    },
    {
      "type": "Feature",
      "geometry": {
        "type": "Point",
        "coordinates": [
          -112.06482089430506,
          33.40116813982662
        ]
      },
      "properties": {
        "timestamp": "2026-06-09 06:00:00",
        "wbgt": 27.08,
        "risk_level": "low"
      }
    },
    {
      "type": "Feature",
      "geometry": {
        "type": "Point",
        "coordinates": [
          -111.92117199165808,
          33.5716574376989
        ]
      },
      "properties": {
        "timestamp": "2026-06-09 07:00:00",
        "wbgt": 32.1,
        "risk_level": "low"
      }
    },
    {
      "type": "Feature",
      "geometry": {
        "type": "Point",
        "coordinates": [
          -112.15043881819864,
          33.53178681823481
        ]
      },
      "properties": {
        "timestamp": "2026-06-09 08:00:00",
        "wbgt": 37.83,
        "risk_level": "moderate"
      }
    },
    {
      "type": "Feature",
      "geometry": {
        "type": "Point",
        "coordinates": [
          -112.08303829411754,
          33.37946863417102
        ]
      },
      "properties": {
        "timestamp": "2026-06-09 09:00:00",
        "wbgt": 32.48,
        "risk_level": "low"
      }
    },
    {
      "type": "Feature",
      "geometry": {
        "type": "Point",
        "coordinates": [
          -111.98104190734546,
          33.49358695125772
        ]
      },
      "properties": {
        "timestamp": "2026-06-09 10:00:00",
        "wbgt": 39.79,
        "risk_level": "moderate"
      }
    },
    {
      "type": "Feature",
      "geometry": {
        "type": "Point",
        "coordinates": [
          -111.93532243317156,
          33.47872521845669
        ]
      },
      "properties": {
        "timestamp": "2026-06-09 11:00:00",
        "wbgt": 47.03,
        "risk_level": "high"
      }
    },
    {
      "type": "Feature",
      "geometry": {
        "type": "Point",
        "coordinates": [
          -111.99871709857726,
          33.42035637421169
        ]
      },
      "properties": {
        "timestamp": "2026-06-09 12:00:00",
        "wbgt": 33.63,
        "risk_level": "low"
      }
    },
    {
      "type": "Feature",
      "geometry": {
        "type": "Point",
        "coordinates": [
          -112.12254802374264,
          33.41008682376144
        ]
      },
      "properties": {
        "timestamp": "2026-06-09 13:00:00",
        "wbgt": 38.51,
        "risk_level": "moderate"
      }
    },
    {
      "type": "Feature",
      "geometry": {
        "type": "Point",
        "coordinates": [
          -111.99761764412514,
          33.40306814243271
        ]
      },
      "properties": {
        "timestamp": "2026-06-09 14:00:00",
        "wbgt": 43.72,
        "risk_level": "high"
      }
    },
    {
      "type": "Feature",
      "geometry": {
        "type": "Point",
        "coordinates": [
          -112.11098170766876,
          33.485146735018695
        ]
      },
      "properties": {
        "timestamp": "2026-06-09 15:00:00",
        "wbgt": 37.74,
        "risk_level": "moderate"
      }
    },
    {
      "type": "Feature",
      "geometry": {
        "type": "Point",
        "coordinates": [
          -111.9844712310544,
          33.4327229809442
        ]
      },
      "properties": {
        "timestamp": "2026-06-09 16:00:00",
        "wbgt": 32.39,
        "risk_level": "low"
      }
    },
    {
      "type": "Feature",
      "geometry": {
        "type": "Point",
        "coordinates": [
          -111.9137900617245,
          33.549558933975426
        ]
      },
      "properties": {
        "timestamp": "2026-06-09 17:00:00",
        "wbgt": 37.0,
        "risk_level": "moderate"
      }
    },
    {
      "type": "Feature",
      "geometry": {
        "type": "Point",
        "coordinates": [
          -111.98358196466812,
          33.50088078484019
        ]
      },
      "properties": {
        "timestamp": "2026-06-09 18:00:00",
        "wbgt": 27.35,
        "risk_level": "low"
      }
    },
    {
      "type": "Feature",
      "geometry": {
        "type": "Point",
        "coordinates": [
          -111.94113584912628,
          33.320979481712826
        ]
      },
      "properties": {
        "timestamp": "2026-06-09 19:00:00",
        "wbgt": 29.83,
        "risk_level": "low"
      }
    },
    {
      "type": "Feature",
      "geometry": {
        "type": "Point",
        "coordinates": [
          -112.19936884704724,
          33.49205046714845
        ]
      },
      "properties": {
        "timestamp": "2026-06-09 20:00:00",
        "wbgt": 26.97,
        "risk_level": "low"
      }
    },
    {
      "type": "Feature",
      "geometry": {
        "type": "Point",
        "coordinates": [
          -111.98472836258053,
          33.381344230950056
        ]
      },
      "properties": {
        "timestamp": "2026-06-09 21:00:00",
        "wbgt": 29.45,
        "risk_level": "low"
      }
    },
    {
      "type": "Feature",
      "geometry": {
        "type": "Point",
        "coordinates": [
          -111.95112373294045,
          33.477843597496026
        ]
      },
      "properties": {
        "timestamp": "2026-06-09 22:00:00",
        "wbgt": 27.7,
        "risk_level": "low"
      }
    },
    {
      "type": "Feature",
      "geometry": {
        "type": "Point",
        "coordinates": [
          -112.1878323787366,
          33.504039579331035
        ]
      },
      "properties": {
        "timestamp": "2026-06-09 23:00:00",
        "wbgt": 30.12,
        "risk_level": "low"
      }
    },
    {
      "type": "Feature",
      "geometry": {
        "type": "Point",
        "coordinates": [
          -111.93852068181354,
          33.3692487567462
        ]
      },
      "properties": {
        "timestamp": "2026-06-10 00:00:00",
        "wbgt": 27.56,
        "risk_level": "low"
      }
    },
    {
      "type": "Feature",
      "geometry": {
        "type": "Point",
        "coordinates": [
          -112.122991731507,
          33.43705759346411
        ]
      },
      "properties": {
        "timestamp": "2026-06-10 01:00:00",
        "wbgt": 27.76,
        "risk_level": "low"
      }
    },
    {
      "type": "Feature",
      "geometry": {
        "type": "Point",
        "coordinates": [
          -112.0004123694066,
          33.357097458845715
        ]
      },
      "properties": {
        "timestamp": "2026-06-10 02:00:00",
        "wbgt": 28.52,
        "risk_level": "low"
      }
    },
    {
      "type": "Feature",
      "geometry": {
        "type": "Point",
        "coordinates": [
          -111.95989353629298,
          33.31570166273595
        ]
      },
      "properties": {
        "timestamp": "2026-06-10 03:00:00",
        "wbgt": 25.99,
        "risk_level": "low"
      }
    },
    {
      "type": "Feature",
      "geometry": {
        "type": "Point",
        "coordinates": [
          -112.0012006460822,
          33.41354292704576
        ]
      },
      "properties": {
        "timestamp": "2026-06-10 04:00:00",
        "wbgt": 32.19,
        "risk_level": "low"
      }
    },
    {
      "type": "Feature",
      "geometry": {
        "type": "Point",
        "coordinates": [
          -112.17231456237802,
          33.4088832815538
        ]
      },
      "properties": {
        "timestamp": "2026-06-10 05:00:00",
        "wbgt": 24.18,
        "risk_level": "low"
      }
    },
    {
      "type": "Feature",
      "geometry": {
        "type": "Point",
        "coordinates": [
          -112.0211035443419,
          33.59864414721128
        ]
      },
      "properties": {
        "timestamp": "2026-06-10 06:00:00",
        "wbgt": 31.56,
        "risk_level": "low"
      }
    },
    {
      "type": "Feature",
      "geometry": {
        "type": "Point",
        "coordinates": [
          -112.03512490298336,
          33.433905705359294
        ]
      },
      "properties": {
        "timestamp": "2026-06-10 07:00:00",
        "wbgt": 26.25,
        "risk_level": "low"
      }
    },
    {
      "type": "Feature",
      "geometry": {
        "type": "Point",
        "coordinates": [
          -111.92990361957771,
          33.40007086484166
        ]
      },
      "properties": {
        "timestamp": "2026-06-10 08:00:00",
        "wbgt": 32.45,
        "risk_level": "low"
      }
    },
    {
      "type": "Feature",
      "geometry": {
        "type": "Point",
        "coordinates": [
          -112.07872808110676,
          33.474142502015
        ]
      },
      "properties": {
        "timestamp": "2026-06-10 09:00:00",
        "wbgt": 40.25,
        "risk_level": "moderate"
      }
    },
    {
      "type": "Feature",
      "geometry": {
        "type": "Point",
        "coordinates": [
          -112.10367567087388,
          33.32663021823233
        ]
      },
      "properties": {
        "timestamp": "2026-06-10 10:00:00",
        "wbgt": 37.63,
        "risk_level": "moderate"
      }
    },
    {
      "type": "Feature",
      "geometry": {
        "type": "Point",
        "coordinates": [
          -111.97504477066909,
          33.588499720786444
        ]
      },
      "properties": {
        "timestamp": "2026-06-10 11:00:00",
        "wbgt": 33.69,
        "risk_level": "low"
      }
    },
    {
      "type": "Feature",
      "geometry": {
        "type": "Point",
        "coordinates": [
          -112.07619740217498,
          33.49048801367731
        ]
      },
      "properties": {
        "timestamp": "2026-06-10 12:00:00",
        "wbgt": 39.44,
        "risk_level": "moderate"
      }
    },
    {
      "type": "Feature",
      "geometry": {
        "type": "Point",
        "coordinates": [
          -112.00617114749848,
          33.52645134598225
        ]
      },
      "properties": {
        "timestamp": "2026-06-10 13:00:00",
        "wbgt": 41.98,
        "risk_level": "high"
      }
    },
    {
      "type": "Feature",
      "geometry": {
        "type": "Point",
        "coordinates": [
          -112.00606497296262,
          33.351143381452175
        ]
      },
      "properties": {
        "timestamp": "2026-06-10 14:00:00",
        "wbgt": 38.73,
        "risk_level": "moderate"
      }
    },
    {
      "type": "Feature",
      "geometry": {
        "type": "Point",
        "coordinates": [
          -111.93358828069196,
          33.42284335590156
        ]
      },
      "properties": {
        "timestamp": "2026-06-10 15:00:00",
        "wbgt": 35.33,
        "risk_level": "moderate"
      }
    },
    {
      "type": "Feature",
      "geometry": {
        "type": "Point",
        "coordinates": [
          -112.02039227930428,
          33.426806734018854
        ]
      },
      "properties": {
        "timestamp": "2026-06-10 16:00:00",
        "wbgt": 34.04,
        "risk_level": "low"
      }
    },
    {
      "type": "Feature",
      "geometry": {
        "type": "Point",
        "coordinates": [
          -112.0493539170114,
          33.546541933170325
        ]
      },
      "properties": {
        "timestamp": "2026-06-10 17:00:00",
        "wbgt": 29.85,
        "risk_level": "low"
      }
    },
    {
      "type": "Feature",
      "geometry": {
        "type": "Point",
        "coordinates": [
          -112.15833860208105,
          33.30037100392782
        ]
      },
      "properties": {
        "timestamp": "2026-06-10 18:00:00",
        "wbgt": 31.94,
        "risk_level": "low"
      }
    },
    {
      "type": "Feature",
      "geometry": {
        "type": "Point",
        "coordinates": [
          -112.1652787179964,
          33.39025593250597
        ]
      },
      "properties": {
        "timestamp": "2026-06-10 19:00:00",
        "wbgt": 29.84,
        "risk_level": "low"
      }
    },
    {
      "type": "Feature",
      "geometry": {
        "type": "Point",
        "coordinates": [
          -112.15370353041509,
          33.59437091230329
        ]
      },
      "properties": {
        "timestamp": "2026-06-10 20:00:00",
        "wbgt": 25.94,
        "risk_level": "low"
      }
    },
    {
      "type": "Feature",
      "geometry": {
        "type": "Point",
        "coordinates": [
          -112.14844545560187,
          33.442465963051866
        ]
      },
      "properties": {
        "timestamp": "2026-06-10 21:00:00",
        "wbgt": 27.0,
        "risk_level": "low"
      }
    },
    {
      "type": "Feature",
      "geometry": {
        "type": "Point",
        "coordinates": [
          -112.00863687220092,
          33.414757884073204
        ]
      },
      "properties": {
        "timestamp": "2026-06-10 22:00:00",
        "wbgt": 24.72,
        "risk_level": "low"
      }
    },
    {
      "type": "Feature",
      "geometry": {
        "type": "Point",
        "coordinates": [
          -111.97770562491765,
          33.33594870060529
        ]
      },
      "properties": {
        "timestamp": "2026-06-10 23:00:00",
        "wbgt": 27.64,
        "risk_level": "low"
      }
    },
    {
      "type": "Feature",
      "geometry": {
        "type": "Point",
        "coordinates": [
          -112.04100254312208,
          33.59224938858841
        ]
      },
      "properties": {
        "timestamp": "2026-06-11 00:00:00",
        "wbgt": 24.9,
        "risk_level": "low"
      }
    },
    {
      "type": "Feature",
      "geometry": {
        "type": "Point",
        "coordinates": [
          -111.95129468023636,
          33.306007906777744
        ]
      },
      "properties": {
        "timestamp": "2026-06-11 01:00:00",
        "wbgt": 27.9,
        "risk_level": "low"
      }
    },
    {
      "type": "Feature",
      "geometry": {
        "type": "Point",
        "coordinates": [
          -111.90262103197992,
          33.521154067502174
        ]
      },
      "properties": {
        "timestamp": "2026-06-11 02:00:00",
        "wbgt": 29.7,
        "risk_level": "low"
      }
    },
    {
      "type": "Feature",
      "geometry": {
        "type": "Point",
        "coordinates": [
          -111.9539962112642,
          33.53057994143655
        ]
      },
      "properties": {
        "timestamp": "2026-06-11 03:00:00",
        "wbgt": 27.71,
        "risk_level": "low"
      }
    },
    {
      "type": "Feature",
      "geometry": {
        "type": "Point",
        "coordinates": [
          -111.99153528789722,
          33.37309701481916
        ]
      },
      "properties": {
        "timestamp": "2026-06-11 04:00:00",
        "wbgt": 28.89,
        "risk_level": "low"
      }
    },
    {
      "type": "Feature",
      "geometry": {
        "type": "Point",
        "coordinates": [
          -112.04025219016886,
          33.50146753308391
        ]
      },
      "properties": {
        "timestamp": "2026-06-11 05:00:00",
        "wbgt": 24.75,
        "risk_level": "low"
      }
    },
    {
      "type": "Feature",
      "geometry": {
        "type": "Point",
        "coordinates": [
          -112.0653440784976,
          33.32787874331382
        ]
      },
      "properties": {
        "timestamp": "2026-06-11 06:00:00",
        "wbgt": 28.92,
        "risk_level": "low"
      }
    },
    {
      "type": "Feature",
      "geometry": {
        "type": "Point",
        "coordinates": [
          -112.17468228583664,
          33.37711417992962
        ]
      },
      "properties": {
        "timestamp": "2026-06-11 07:00:00",
        "wbgt": 30.98,
        "risk_level": "low"
      }
    },
    {
      "type": "Feature",
      "geometry": {
        "type": "Point",
        "coordinates": [
          -112.0801893754816,
          33.53637059648768
        ]
      },
      "properties": {
        "timestamp": "2026-06-11 08:00:00",
        "wbgt": 34.79,
        "risk_level": "low"
      }
    },
    {
      "type": "Feature",
      "geometry": {
        "type": "Point",
        "coordinates": [
          -111.92695960896536,
          33.55940585761006
        ]
      },
      "properties": {
        "timestamp": "2026-06-11 09:00:00",
        "wbgt": 32.88,
        "risk_level": "low"
      }
    },
    {
      "type": "Feature",
      "geometry": {
        "type": "Point",
        "coordinates": [
          -111.95759321102804,
          33.482545923797936
        ]
      },
      "properties": {
        "timestamp": "2026-06-11 10:00:00",
        "wbgt": 37.2,
        "risk_level": "moderate"
      }
    },
    {
      "type": "Feature",
      "geometry": {
        "type": "Point",
        "coordinates": [
          -112.1351845904965,
          33.45205152954615
        ]
      },
      "properties": {
        "timestamp": "2026-06-11 11:00:00",
        "wbgt": 39.61,
        "risk_level": "moderate"
      }
    },
    {
      "type": "Feature",
      "geometry": {
        "type": "Point",
        "coordinates": [
          -112.06001766459084,
          33.34779120618569
        ]
      },
      "properties": {
        "timestamp": "2026-06-11 12:00:00",
        "wbgt": 48.92,
        "risk_level": "high"
      }
    },
    {
      "type": "Feature",
      "geometry": {
        "type": "Point",
        "coordinates": [
          -111.95498303923245,
          33.31893270992374
        ]
      },
      "properties": {
        "timestamp": "2026-06-11 13:00:00",
        "wbgt": 41.5,
        "risk_level": "moderate"
      }
    },
    {
      "type": "Feature",
      "geometry": {
        "type": "Point",
        "coordinates": [
          -112.17978463356437,
          33.335294708542065
        ]
      },
      "properties": {
        "timestamp": "2026-06-11 14:00:00",
        "wbgt": 39.74,
        "risk_level": "moderate"
      }
    },
    {
      "type": "Feature",
      "geometry": {
        "type": "Point",
        "coordinates": [
          -112.0837822242994,
          33.368207190028826
        ]
      },
      "properties": {
        "timestamp": "2026-06-11 15:00:00",
        "wbgt": 32.76,
        "risk_level": "low"
      }
    },
    {
      "type": "Feature",
      "geometry": {
        "type": "Point",
        "coordinates": [
          -111.94444762893782,
          33.40250235056907
        ]
      },
      "properties": {
        "timestamp": "2026-06-11 16:00:00",
        "wbgt": 37.94,
        "risk_level": "moderate"
      }
    },
    {
      "type": "Feature",
      "geometry": {
        "type": "Point",
        "coordinates": [
          -112.07883064074896,
          33.414272857653295
        ]
      },
      "properties": {
        "timestamp": "2026-06-11 17:00:00",
        "wbgt": 30.72,
        "risk_level": "low"
      }
    },
    {
      "type": "Feature",
      "geometry": {
        "type": "Point",
        "coordinates": [
          -112.17671560658056,
          33.4038965305767
        ]
      },
      "properties": {
        "timestamp": "2026-06-11 18:00:00",
        "wbgt": 29.77,
        "risk_level": "low"
      }
    },
    {
      "type": "Feature",
      "geometry": {
        "type": "Point",
        "coordinates": [
          -112.03723968944033,
          33.37171659965918
        ]
      },
      "properties": {
        "timestamp": "2026-06-11 19:00:00",
        "wbgt": 27.52,
        "risk_level": "low"
      }
    },
    {
      "type": "Feature",
      "geometry": {
        "type": "Point",
        "coordinates": [
          -111.94147725152452,
          33.45291727402551
        ]
      },
      "properties": {
        "timestamp": "2026-06-11 20:00:00",
        "wbgt": 28.13,
        "risk_level": "low"
      }
    },
    {
      "type": "Feature",
      "geometry": {
        "type": "Point",
        "coordinates": [
          -112.02291433711406,
          33.54758583246987
        ]
      },
      "properties": {
        "timestamp": "2026-06-11 21:00:00",
        "wbgt": 28.08,
        "risk_level": "low"
      }
    },
    {
      "type": "Feature",
      "geometry": {
        "type": "Point",
        "coordinates": [
          -112.13211626753574,
          33.38391106154144
        ]
      },
      "properties": {
        "timestamp": "2026-06-11 22:00:00",
        "wbgt": 24.76,
        "risk_level": "low"
      }
    },
    {
      "type": "Feature",
      "geometry": {
        "type": "Point",
        "coordinates": [
          -112.0847281139588,
          33.58271610573067
        ]
      },
      "properties": {
        "timestamp": "2026-06-11 23:00:00",
        "wbgt": 26.09,
        "risk_level": "low"
      }
    },
    {
      "type": "Feature",
      "geometry": {
        "type": "Point",
        "coordinates": [
          -112.06496299164544,
          33.56200099851716
        ]
      },
      "properties": {
        "timestamp": "2026-06-12 00:00:00",
        "wbgt": 30.03,
        "risk_level": "low"
      }
    },
    {
      "type": "Feature",
      "geometry": {
        "type": "Point",
        "coordinates": [
          -112.02622009385384,
          33.34852926340563
        ]
      },
      "properties": {
        "timestamp": "2026-06-12 01:00:00",
        "wbgt": 24.05,
        "risk_level": "low"
      }
    },
    {
      "type": "Feature",
      "geometry": {
        "type": "Point",
        "coordinates": [
          -111.9721946922742,
          33.53588278702713
        ]
      },
      "properties": {
        "timestamp": "2026-06-12 02:00:00",
        "wbgt": 31.9,
        "risk_level": "low"
      }
    },
    {
      "type": "Feature",
      "geometry": {
        "type": "Point",
        "coordinates": [
          -112.17033791470782,
          33.47237621469533
        ]
      },
      "properties": {
        "timestamp": "2026-06-12 03:00:00",
        "wbgt": 28.18,
        "risk_level": "low"
      }
    },
    {
      "type": "Feature",
      "geometry": {
        "type": "Point",
        "coordinates": [
          -111.93310439009474,
          33.469972608651425
        ]
      },
      "properties": {
        "timestamp": "2026-06-12 04:00:00",
        "wbgt": 28.99,
        "risk_level": "low"
      }
    },
    {
      "type": "Feature",
      "geometry": {
        "type": "Point",
        "coordinates": [
          -112.1963070890952,
          33.41731282891745
        ]
      },
      "properties": {
        "timestamp": "2026-06-12 05:00:00",
        "wbgt": 28.56,
        "risk_level": "low"
      }
    },
    {
      "type": "Feature",
      "geometry": {
        "type": "Point",
        "coordinates": [
          -112.08898429959773,
          33.4503458997546
        ]
      },
      "properties": {
        "timestamp": "2026-06-12 06:00:00",
        "wbgt": 29.57,
        "risk_level": "low"
      }
    },
    {
      "type": "Feature",
      "geometry": {
        "type": "Point",
        "coordinates": [
          -112.1917739070082,
          33.41915363322876
        ]
      },
      "properties": {
        "timestamp": "2026-06-12 07:00:00",
        "wbgt": 32.06,
        "risk_level": "low"
      }
    },
    {
      "type": "Feature",
      "geometry": {
        "type": "Point",
        "coordinates": [
          -112.08210773239642,
          33.461919785627984
        ]
      },
      "properties": {
        "timestamp": "2026-06-12 08:00:00",
        "wbgt": 33.22,
        "risk_level": "low"
      }
    },
    {
      "type": "Feature",
      "geometry": {
        "type": "Point",
        "coordinates": [
          -112.042256220338,
          33.48838501583179
        ]
      },
      "properties": {
        "timestamp": "2026-06-12 09:00:00",
        "wbgt": 36.44,
        "risk_level": "moderate"
      }
    },
    {
      "type": "Feature",
      "geometry": {
        "type": "Point",
        "coordinates": [
          -112.04649558402556,
          33.50229114192271
        ]
      },
      "properties": {
        "timestamp": "2026-06-12 10:00:00",
        "wbgt": 37.99,
        "risk_level": "moderate"
      }
    },
    {
      "type": "Feature",
      "geometry": {
        "type": "Point",
        "coordinates": [
          -112.15031149589151,
          33.459744357767825
        ]
      },
      "properties": {
        "timestamp": "2026-06-12 11:00:00",
        "wbgt": 42.57,
        "risk_level": "high"
      }
    },
    {
      "type": "Feature",
      "geometry": {
        "type": "Point",
        "coordinates": [
          -112.00627784697132,
          33.51642662019862
        ]
      },
      "properties": {
        "timestamp": "2026-06-12 12:00:00",
        "wbgt": 37.28,
        "risk_level": "moderate"
      }
    },
    {
      "type": "Feature",
      "geometry": {
        "type": "Point",
        "coordinates": [
          -112.1865664648486,
          33.34238341478265
        ]
      },
      "properties": {
        "timestamp": "2026-06-12 13:00:00",
        "wbgt": 40.22,
        "risk_level": "moderate"
      }
    },
    {
      "type": "Feature",
      "geometry": {
        "type": "Point",
        "coordinates": [
          -111.97142795396029,
          33.36359474727067
        ]
      },
      "properties": {
        "timestamp": "2026-06-12 14:00:00",
        "wbgt": 41.28,
        "risk_level": "moderate"
      }
    },
    {
      "type": "Feature",
      "geometry": {
        "type": "Point",
        "coordinates": [
          -111.91600666980194,
          33.54562050122228
        ]
      },
      "properties": {
        "timestamp": "2026-06-12 15:00:00",
        "wbgt": 31.42,
        "risk_level": "low"
      }
    },
    {
      "type": "Feature",
      "geometry": {
        "type": "Point",
        "coordinates": [
          -112.09806935185466,
          33.39675839335392
        ]
      },
      "properties": {
        "timestamp": "2026-06-12 16:00:00",
        "wbgt": 36.6,
        "risk_level": "moderate"
      }
    },
    {
      "type": "Feature",
      "geometry": {
        "type": "Point",
        "coordinates": [
          -112.0448281854857,
          33.306868147492835
        ]
      },
      "properties": {
        "timestamp": "2026-06-12 17:00:00",
        "wbgt": 28.59,
        "risk_level": "low"
      }
    },
    {
      "type": "Feature",
      "geometry": {
        "type": "Point",
        "coordinates": [
          -112.08632691658237,
          33.346137344900406
        ]
      },
      "properties": {
        "timestamp": "2026-06-12 18:00:00",
        "wbgt": 29.13,
        "risk_level": "low"
      }
    },
    {
      "type": "Feature",
      "geometry": {
        "type": "Point",
        "coordinates": [
          -112.19798688290878,
          33.36708433034889
        ]
      },
      "properties": {
        "timestamp": "2026-06-12 19:00:00",
        "wbgt": 23.91,
        "risk_level": "low"
      }
    },
    {
      "type": "Feature",
      "geometry": {
        "type": "Point",
        "coordinates": [
          -112.08423764913148,
          33.58719686636838
        ]
      },
      "properties": {
        "timestamp": "2026-06-12 20:00:00",
        "wbgt": 28.32,
        "risk_level": "low"
      }
    },
    {
      "type": "Feature",
      "geometry": {
        "type": "Point",
        "coordinates": [
          -111.9624839222216,
          33.47191242867925
        ]
      },
      "properties": {
        "timestamp": "2026-06-12 21:00:00",
        "wbgt": 27.93,
        "risk_level": "low"
      }
    },
    {
      "type": "Feature",
      "geometry": {
        "type": "Point",
        "coordinates": [
          -112.02120334734497,
          33.57981922214288
        ]
      },
      "properties": {
        "timestamp": "2026-06-12 22:00:00",
        "wbgt": 26.89,
        "risk_level": "low"
      }
    },
    {
      "type": "Feature",
      "geometry": {
        "type": "Point",
        "coordinates": [
          -112.16962202561544,
          33.472549005148984
        ]
      },
      "properties": {
        "timestamp": "2026-06-12 23:00:00",
        "wbgt": 28.28,
        "risk_level": "low"
      }
    },
    {
      "type": "Feature",
      "geometry": {
        "type": "Point",
        "coordinates": [
          -111.94585815309188,
          33.443806332041355
        ]
      },
      "properties": {
        "timestamp": "2026-06-13 00:00:00",
        "wbgt": 27.07,
        "risk_level": "low"
      }
    },
    {
      "type": "Feature",
      "geometry": {
        "type": "Point",
        "coordinates": [
          -112.04067439653444,
          33.39411830735823
        ]
      },
      "properties": {
        "timestamp": "2026-06-13 01:00:00",
        "wbgt": 27.97,
        "risk_level": "low"
      }
    },
    {
      "type": "Feature",
      "geometry": {
        "type": "Point",
        "coordinates": [
          -111.9474829914766,
          33.481911283330014
        ]
      },
      "properties": {
        "timestamp": "2026-06-13 02:00:00",
        "wbgt": 28.33,
        "risk_level": "low"
      }
    },
    {
      "type": "Feature",
      "geometry": {
        "type": "Point",
        "coordinates": [
          -112.02593354436448,
          33.341759407385254
        ]
      },
      "properties": {
        "timestamp": "2026-06-13 03:00:00",
        "wbgt": 26.97,
        "risk_level": "low"
      }
    },
    {
      "type": "Feature",
      "geometry": {
        "type": "Point",
        "coordinates": [
          -112.03209346654862,
          33.56947848818781
        ]
      },
      "properties": {
        "timestamp": "2026-06-13 04:00:00",
        "wbgt": 26.82,
        "risk_level": "low"
      }
    },
    {
      "type": "Feature",
      "geometry": {
        "type": "Point",
        "coordinates": [
          -112.1684222444409,
          33.54879972154239
        ]
      },
      "properties": {
        "timestamp": "2026-06-13 05:00:00",
        "wbgt": 31.39,
        "risk_level": "low"
      }
    },
    {
      "type": "Feature",
      "geometry": {
        "type": "Point",
        "coordinates": [
          -112.14979208005842,
          33.39525943436302
        ]
      },
      "properties": {
        "timestamp": "2026-06-13 06:00:00",
        "wbgt": 27.72,
        "risk_level": "low"
      }
    },
    {
      "type": "Feature",
      "geometry": {
        "type": "Point",
        "coordinates": [
          -111.90839242305104,
          33.58583925828039
        ]
      },
      "properties": {
        "timestamp": "2026-06-13 07:00:00",
        "wbgt": 29.95,
        "risk_level": "low"
      }
    },
    {
      "type": "Feature",
      "geometry": {
        "type": "Point",
        "coordinates": [
          -112.13145397597356,
          33.54756023022467
        ]
      },
      "properties": {
        "timestamp": "2026-06-13 08:00:00",
        "wbgt": 33.31,
        "risk_level": "low"
      }
    },
    {
      "type": "Feature",
      "geometry": {
        "type": "Point",
        "coordinates": [
          -111.90676436460288,
          33.499892065750515
        ]
      },
      "properties": {
        "timestamp": "2026-06-13 09:00:00",
        "wbgt": 39.07,
        "risk_level": "moderate"
      }
    },
    {
      "type": "Feature",
      "geometry": {
        "type": "Point",
        "coordinates": [
          -112.04042618804272,
          33.33652857333758
        ]
      },
      "properties": {
        "timestamp": "2026-06-13 10:00:00",
        "wbgt": 38.61,
        "risk_level": "moderate"
      }
    },
    {
      "type": "Feature",
      "geometry": {
        "type": "Point",
        "coordinates": [
          -112.15926328588084,
          33.44347020691442
        ]
      },
      "properties": {
        "timestamp": "2026-06-13 11:00:00",
        "wbgt": 40.8,
        "risk_level": "moderate"
      }
    },
    {
      "type": "Feature",
      "geometry": {
        "type": "Point",
        "coordinates": [
          -112.1702093391739,
          33.451832266454026
        ]
      },
      "properties": {
        "timestamp": "2026-06-13 12:00:00",
        "wbgt": 35.82,
        "risk_level": "moderate"
      }
    },
    {
      "type": "Feature",
      "geometry": {
        "type": "Point",
        "coordinates": [
          -112.13734077878829,
          33.36976540750961
        ]
      },
      "properties": {
        "timestamp": "2026-06-13 13:00:00",
        "wbgt": 43.58,
        "risk_level": "high"
      }
    },
    {
      "type": "Feature",
      "geometry": {
        "type": "Point",
        "coordinates": [
          -111.9223088009924,
          33.323989618307785
        ]
      },
      "properties": {
        "timestamp": "2026-06-13 14:00:00",
        "wbgt": 37.5,
        "risk_level": "moderate"
      }
    },
    {
      "type": "Feature",
      "geometry": {
        "type": "Point",
        "coordinates": [
          -112.07575493270154,
          33.53301708914151
        ]
      },
      "properties": {
        "timestamp": "2026-06-13 15:00:00",
        "wbgt": 39.45,
        "risk_level": "moderate"
      }
    },
    {
      "type": "Feature",
      "geometry": {
        "type": "Point",
        "coordinates": [
          -112.08136971960214,
          33.33661051563732
        ]
      },
      "properties": {
        "timestamp": "2026-06-13 16:00:00",
        "wbgt": 32.98,
        "risk_level": "low"
      }
    },
    {
      "type": "Feature",
      "geometry": {
        "type": "Point",
        "coordinates": [
          -112.10603812167896,
          33.47828722516853
        ]
      },
      "properties": {
        "timestamp": "2026-06-13 17:00:00",
        "wbgt": 29.08,
        "risk_level": "low"
      }
    },
    {
      "type": "Feature",
      "geometry": {
        "type": "Point",
        "coordinates": [
          -112.15588144483004,
          33.5809347521651
        ]
      },
      "properties": {
        "timestamp": "2026-06-13 18:00:00",
        "wbgt": 31.87,
        "risk_level": "low"
      }
    },
    {
      "type": "Feature",
      "geometry": {
        "type": "Point",
        "coordinates": [
          -112.05364464084228,
          33.56283155777941
        ]
      },
      "properties": {
        "timestamp": "2026-06-13 19:00:00",
        "wbgt": 26.86,
        "risk_level": "low"
      }
    },
    {
      "type": "Feature",
      "geometry": {
        "type": "Point",
        "coordinates": [
          -112.16098566524666,
          33.383325787124775
        ]
      },
      "properties": {
        "timestamp": "2026-06-13 20:00:00",
        "wbgt": 31.01,
        "risk_level": "low"
      }
    },
    {
      "type": "Feature",
      "geometry": {
        "type": "Point",
        "coordinates": [
          -111.9493559290853,
          33.55543459126538
        ]
      },
      "properties": {
        "timestamp": "2026-06-13 21:00:00",
        "wbgt": 30.34,
        "risk_level": "low"
      }
    },
    {
      "type": "Feature",
      "geometry": {
        "type": "Point",
        "coordinates": [
          -112.08888090411742,
          33.30009975183614
        ]
      },
      "properties": {
        "timestamp": "2026-06-13 22:00:00",
        "wbgt": 29.91,
        "risk_level": "low"
      }
    },
    {
      "type": "Feature",
      "geometry": {
        "type": "Point",
        "coordinates": [
          -112.08755892966546,
          33.30530634288397
        ]
      },
      "properties": {
        "timestamp": "2026-06-13 23:00:00",
        "wbgt": 26.84,
        "risk_level": "low"
      }
    },
    {
      "type": "Feature",
      "geometry": {
        "type": "Point",
        "coordinates": [
          -112.05779807145504,
          33.48076594915286
        ]
      },
      "properties": {
        "timestamp": "2026-06-14 00:00:00",
        "wbgt": 30.61,
        "risk_level": "low"
      }
    },
    {
      "type": "Feature",
      "geometry": {
        "type": "Point",
        "coordinates": [
          -112.06676168605028,
          33.40943946574336
        ]
      },
      "properties": {
        "timestamp": "2026-06-14 01:00:00",
        "wbgt": 28.44,
        "risk_level": "low"
      }
    },
    {
      "type": "Feature",
      "geometry": {
        "type": "Point",
        "coordinates": [
          -111.9015426080822,
          33.41593825234774
        ]
      },
      "properties": {
        "timestamp": "2026-06-14 02:00:00",
        "wbgt": 31.97,
        "risk_level": "low"
      }
    },
    {
      "type": "Feature",
      "geometry": {
        "type": "Point",
        "coordinates": [
          -112.03638566363452,
          33.46933232720367
        ]
      },
      "properties": {
        "timestamp": "2026-06-14 03:00:00",
        "wbgt": 28.85,
        "risk_level": "low"
      }
    },
    {
      "type": "Feature",
      "geometry": {
        "type": "Point",
        "coordinates": [
          -112.17353948886304,
          33.35753473667756
        ]
      },
      "properties": {
        "timestamp": "2026-06-14 04:00:00",
        "wbgt": 30.65,
        "risk_level": "low"
      }
    },
    {
      "type": "Feature",
      "geometry": {
        "type": "Point",
        "coordinates": [
          -112.01793679752691,
          33.36352660519964
        ]
      },
      "properties": {
        "timestamp": "2026-06-14 05:00:00",
        "wbgt": 28.07,
        "risk_level": "low"
      }
    },
    {
      "type": "Feature",
      "geometry": {
        "type": "Point",
        "coordinates": [
          -112.15452471213904,
          33.44538047610566
        ]
      },
      "properties": {
        "timestamp": "2026-06-14 06:00:00",
        "wbgt": 28.55,
        "risk_level": "low"
      }
    },
    {
      "type": "Feature",
      "geometry": {
        "type": "Point",
        "coordinates": [
          -112.1907187065806,
          33.52627606330316
        ]
      },
      "properties": {
        "timestamp": "2026-06-14 07:00:00",
        "wbgt": 28.22,
        "risk_level": "low"
      }
    },
    {
      "type": "Feature",
      "geometry": {
        "type": "Point",
        "coordinates": [
          -111.90877735389684,
          33.48584932542228
        ]
      },
      "properties": {
        "timestamp": "2026-06-14 08:00:00",
        "wbgt": 36.02,
        "risk_level": "moderate"
      }
    },
    {
      "type": "Feature",
      "geometry": {
        "type": "Point",
        "coordinates": [
          -111.96793833253965,
          33.38920651447105
        ]
      },
      "properties": {
        "timestamp": "2026-06-14 09:00:00",
        "wbgt": 36.57,
        "risk_level": "moderate"
      }
    },
    {
      "type": "Feature",
      "geometry": {
        "type": "Point",
        "coordinates": [
          -111.90596730227588,
          33.429101153252674
        ]
      },
      "properties": {
        "timestamp": "2026-06-14 10:00:00",
        "wbgt": 36.73,
        "risk_level": "moderate"
      }
    },
    {
      "type": "Feature",
      "geometry": {
        "type": "Point",
        "coordinates": [
          -112.05663646559331,
          33.351199427565
        ]
      },
      "properties": {
        "timestamp": "2026-06-14 11:00:00",
        "wbgt": 46.51,
        "risk_level": "high"
      }
    },
    {
      "type": "Feature",
      "geometry": {
        "type": "Point",
        "coordinates": [
          -112.04032274065533,
          33.322388944301125
        ]
      },
      "properties": {
        "timestamp": "2026-06-14 12:00:00",
        "wbgt": 39.54,
        "risk_level": "moderate"
      }
    },
    {
      "type": "Feature",
      "geometry": {
        "type": "Point",
        "coordinates": [
          -112.14949891322426,
          33.53480881222325
        ]
      },
      "properties": {
        "timestamp": "2026-06-14 13:00:00",
        "wbgt": 34.43,
        "risk_level": "low"
      }
    },
    {
      "type": "Feature",
      "geometry": {
        "type": "Point",
        "coordinates": [
          -112.12592777199971,
          33.379616222756454
        ]
      },
      "properties": {
        "timestamp": "2026-06-14 14:00:00",
        "wbgt": 40.87,
        "risk_level": "moderate"
      }
    },
    {
      "type": "Feature",
      "geometry": {
        "type": "Point",
        "coordinates": [
          -111.94843523552916,
          33.35332991635537
        ]
      },
      "properties": {
        "timestamp": "2026-06-14 15:00:00",
        "wbgt": 36.73,
        "risk_level": "moderate"
      }
    },
    {
      "type": "Feature",
      "geometry": {
        "type": "Point",
        "coordinates": [
          -112.09314430586473,
          33.5074854166708
        ]
      },
      "properties": {
        "timestamp": "2026-06-14 16:00:00",
        "wbgt": 34.08,
        "risk_level": "low"
      }
    },
    {
      "type": "Feature",
      "geometry": {
        "type": "Point",
        "coordinates": [
          -111.95195550786109,
          33.48541550228616
        ]
      },
      "properties": {
        "timestamp": "2026-06-14 17:00:00",
        "wbgt": 28.38,
        "risk_level": "low"
      }
    },
    {
      "type": "Feature",
      "geometry": {
        "type": "Point",
        "coordinates": [
          -111.9872958827139,
          33.48995688780404
        ]
      },
      "properties": {
        "timestamp": "2026-06-14 18:00:00",
        "wbgt": 26.45,
        "risk_level": "low"
      }
    },
    {
      "type": "Feature",
      "geometry": {
        "type": "Point",
        "coordinates": [
          -112.14684872241844,
          33.36866838145398
        ]
      },
      "properties": {
        "timestamp": "2026-06-14 19:00:00",
        "wbgt": 25.59,
        "risk_level": "low"
      }
    },
    {
      "type": "Feature",
      "geometry": {
        "type": "Point",
        "coordinates": [
          -112.04776609016407,
          33.3697936615688
        ]
      },
      "properties": {
        "timestamp": "2026-06-14 20:00:00",
        "wbgt": 29.18,
        "risk_level": "low"
      }
    },
    {
      "type": "Feature",
      "geometry": {
        "type": "Point",
        "coordinates": [
          -111.9967838035444,
          33.36624078893569
        ]
      },
      "properties": {
        "timestamp": "2026-06-14 21:00:00",
        "wbgt": 24.43,
        "risk_level": "low"
      }
    },
    {
      "type": "Feature",
      "geometry": {
        "type": "Point",
        "coordinates": [
          -112.12948883555886,
          33.352125778698685
        ]
      },
      "properties": {
        "timestamp": "2026-06-14 22:00:00",
        "wbgt": 28.62,
        "risk_level": "low"
      }
    },
    {
      "type": "Feature",
      "geometry": {
        "type": "Point",
        "coordinates": [
          -111.950793446844,
          33.496717101768496
        ]
      },
      "properties": {
        "timestamp": "2026-06-14 23:00:00",
        "wbgt": 29.77,
        "risk_level": "low"
      }
    },
    {
      "type": "Feature",
      "geometry": {
        "type": "Point",
        "coordinates": [
          -112.03655170273645,
          33.55440476557482
        ]
      },
      "properties": {
        "timestamp": "2026-06-15 00:00:00",
        "wbgt": 25.26,
        "risk_level": "low"
      }
    },
    {
      "type": "Feature",
      "geometry": {
        "type": "Point",
        "coordinates": [
          -112.15042738486724,
          33.517295240903
        ]
      },
      "properties": {
        "timestamp": "2026-06-15 01:00:00",
        "wbgt": 27.59,
        "risk_level": "low"
      }
    },
    {
      "type": "Feature",
      "geometry": {
        "type": "Point",
        "coordinates": [
          -112.02510467215062,
          33.537628090128166
        ]
      },
      "properties": {
        "timestamp": "2026-06-15 02:00:00",
        "wbgt": 30.36,
        "risk_level": "low"
      }
    },
    {
      "type": "Feature",
      "geometry": {
        "type": "Point",
        "coordinates": [
          -111.90008585875324,
          33.42143952872556
        ]
      },
      "properties": {
        "timestamp": "2026-06-15 03:00:00",
        "wbgt": 29.97,
        "risk_level": "low"
      }
    },
    {
      "type": "Feature",
      "geometry": {
        "type": "Point",
        "coordinates": [
          -112.15484355250098,
          33.4962227386116
        ]
      },
      "properties": {
        "timestamp": "2026-06-15 04:00:00",
        "wbgt": 28.42,
        "risk_level": "low"
      }
    },
    {
      "type": "Feature",
      "geometry": {
        "type": "Point",
        "coordinates": [
          -111.95497292096417,
          33.40627087213343
        ]
      },
      "properties": {
        "timestamp": "2026-06-15 05:00:00",
        "wbgt": 29.28,
        "risk_level": "low"
      }
    },
    {
      "type": "Feature",
      "geometry": {
        "type": "Point",
        "coordinates": [
          -112.13780729904374,
          33.45765138659059
        ]
      },
      "properties": {
        "timestamp": "2026-06-15 06:00:00",
        "wbgt": 30.49,
        "risk_level": "low"
      }
    },
    {
      "type": "Feature",
      "geometry": {
        "type": "Point",
        "coordinates": [
          -111.96528350116198,
          33.444490453960455
        ]
      },
      "properties": {
        "timestamp": "2026-06-15 07:00:00",
        "wbgt": 29.56,
        "risk_level": "low"
      }
    },
    {
      "type": "Feature",
      "geometry": {
        "type": "Point",
        "coordinates": [
          -111.97962662306358,
          33.35306614354315
        ]
      },
      "properties": {
        "timestamp": "2026-06-15 08:00:00",
        "wbgt": 34.91,
        "risk_level": "low"
      }
    },
    {
      "type": "Feature",
      "geometry": {
        "type": "Point",
        "coordinates": [
          -112.10985318431987,
          33.416123628100685
        ]
      },
      "properties": {
        "timestamp": "2026-06-15 09:00:00",
        "wbgt": 32.35,
        "risk_level": "low"
      }
    },
    {
      "type": "Feature",
      "geometry": {
        "type": "Point",
        "coordinates": [
          -112.10225306473068,
          33.58914668264471
        ]
      },
      "properties": {
        "timestamp": "2026-06-15 10:00:00",
        "wbgt": 39.52,
        "risk_level": "moderate"
      }
    },
    {
      "type": "Feature",
      "geometry": {
        "type": "Point",
        "coordinates": [
          -111.96224358241112,
          33.37457407731448
        ]
      },
      "properties": {
        "timestamp": "2026-06-15 11:00:00",
        "wbgt": 36.77,
        "risk_level": "moderate"
      }
    },
    {
      "type": "Feature",
      "geometry": {
        "type": "Point",
        "coordinates": [
          -112.0615663464338,
          33.34014112088384
        ]
      },
      "properties": {
        "timestamp": "2026-06-15 12:00:00",
        "wbgt": 39.04,
        "risk_level": "moderate"
      }
    },
    {
      "type": "Feature",
      "geometry": {
        "type": "Point",
        "coordinates": [
          -111.98075459138646,
          33.42557418648718
        ]
      },
      "properties": {
        "timestamp": "2026-06-15 13:00:00",
        "wbgt": 36.72,
        "risk_level": "moderate"
      }
    },
    {
      "type": "Feature",
      "geometry": {
        "type": "Point",
        "coordinates": [
          -112.15560475579024,
          33.53710132075805
        ]
      },
      "properties": {
        "timestamp": "2026-06-15 14:00:00",
        "wbgt": 41.13,
        "risk_level": "moderate"
      }
    },
    {
      "type": "Feature",
      "geometry": {
        "type": "Point",
        "coordinates": [
          -111.94423266542954,
          33.47464446893399
        ]
      },
      "properties": {
        "timestamp": "2026-06-15 15:00:00",
        "wbgt": 34.58,
        "risk_level": "low"
      }
    },
    {
      "type": "Feature",
      "geometry": {
        "type": "Point",
        "coordinates": [
          -111.9867345849953,
          33.50429244817148
        ]
      },
      "properties": {
        "timestamp": "2026-06-15 16:00:00",
        "wbgt": 37.94,
        "risk_level": "moderate"
      }
    },
    {
      "type": "Feature",
      "geometry": {
        "type": "Point",
        "coordinates": [
          -111.92791715734955,
          33.3569084544524
        ]
      },
      "properties": {
        "timestamp": "2026-06-15 17:00:00",
        "wbgt": 33.18,
        "risk_level": "low"
      }
    },
    {
      "type": "Feature",
      "geometry": {
        "type": "Point",
        "coordinates": [
          -112.16028828628951,
          33.48568445790232
        ]
      },
      "properties": {
        "timestamp": "2026-06-15 18:00:00",
        "wbgt": 26.57,
        "risk_level": "low"
      }
    },
    {
      "type": "Feature",
      "geometry": {
        "type": "Point",
        "coordinates": [
          -112.02209564989182,
          33.39705011847344
        ]
      },
      "properties": {
        "timestamp": "2026-06-15 19:00:00",
        "wbgt": 28.73,
        "risk_level": "low"
      }
    },
    {
      "type": "Feature",
      "geometry": {
        "type": "Point",
        "coordinates": [
          -112.02026382448793,
          33.550291009786434
        ]
      },
      "properties": {
        "timestamp": "2026-06-15 20:00:00",
        "wbgt": 29.9,
        "risk_level": "low"
      }
    },
    {
      "type": "Feature",
      "geometry": {
        "type": "Point",
        "coordinates": [
          -112.09396177783596,
          33.48878964180322
        ]
      },
      "properties": {
        "timestamp": "2026-06-15 21:00:00",
        "wbgt": 28.72,
        "risk_level": "low"
      }
    },
    {
      "type": "Feature",
      "geometry": {
        "type": "Point",
        "coordinates": [
          -112.06246007262922,
          33.35965688333258
        ]
      },
      "properties": {
        "timestamp": "2026-06-15 22:00:00",
        "wbgt": 27.66,
        "risk_level": "low"
      }
    },
    {
      "type": "Feature",
      "geometry": {
        "type": "Point",
        "coordinates": [
          -112.18860553101304,
          33.31938500395322
        ]
      },
      "properties": {
        "timestamp": "2026-06-15 23:00:00",
        "wbgt": 25.72,
        "risk_level": "low"
      }
    },
    {
      "type": "Feature",
      "geometry": {
        "type": "Point",
        "coordinates": [
          -111.9762419884119,
          33.312789962786105
        ]
      },
      "properties": {
        "timestamp": "2026-06-16 00:00:00",
        "wbgt": 26.95,
        "risk_level": "low"
      }
    },
    {
      "type": "Feature",
      "geometry": {
        "type": "Point",
        "coordinates": [
          -112.03520325617905,
          33.41142257029504
        ]
      },
      "properties": {
        "timestamp": "2026-06-16 01:00:00",
        "wbgt": 29.35,
        "risk_level": "low"
      }
    },
    {
      "type": "Feature",
      "geometry": {
        "type": "Point",
        "coordinates": [
          -112.18267768443926,
          33.37975534099629
        ]
      },
      "properties": {
        "timestamp": "2026-06-16 02:00:00",
        "wbgt": 30.29,
        "risk_level": "low"
      }
    },
    {
      "type": "Feature",
      "geometry": {
        "type": "Point",
        "coordinates": [
          -111.99577323211186,
          33.49382703703876
        ]
      },
      "properties": {
        "timestamp": "2026-06-16 03:00:00",
        "wbgt": 26.02,
        "risk_level": "low"
      }
    },
    {
      "type": "Feature",
      "geometry": {
        "type": "Point",
        "coordinates": [
          -112.05996537683065,
          33.44980015049359
        ]
      },
      "properties": {
        "timestamp": "2026-06-16 04:00:00",
        "wbgt": 30.75,
        "risk_level": "low"
      }
    },
    {
      "type": "Feature",
      "geometry": {
        "type": "Point",
        "coordinates": [
          -112.18966162217252,
          33.379805783401615
        ]
      },
      "properties": {
        "timestamp": "2026-06-16 05:00:00",
        "wbgt": 26.58,
        "risk_level": "low"
      }
    },
    {
      "type": "Feature",
      "geometry": {
        "type": "Point",
        "coordinates": [
          -111.90911768194556,
          33.34477133338505
        ]
      },
      "properties": {
        "timestamp": "2026-06-16 06:00:00",
        "wbgt": 28.5,
        "risk_level": "low"
      }
    },
    {
      "type": "Feature",
      "geometry": {
        "type": "Point",
        "coordinates": [
          -111.91526635707318,
          33.338159928806235
        ]
      },
      "properties": {
        "timestamp": "2026-06-16 07:00:00",
        "wbgt": 32.7,
        "risk_level": "low"
      }
    },
    {
      "type": "Feature",
      "geometry": {
        "type": "Point",
        "coordinates": [
          -112.04612927515583,
          33.559398117642125
        ]
      },
      "properties": {
        "timestamp": "2026-06-16 08:00:00",
        "wbgt": 37.02,
        "risk_level": "moderate"
      }
    },
    {
      "type": "Feature",
      "geometry": {
        "type": "Point",
        "coordinates": [
          -112.17189827378824,
          33.37304339052146
        ]
      },
      "properties": {
        "timestamp": "2026-06-16 09:00:00",
        "wbgt": 34.19,
        "risk_level": "low"
      }
    },
    {
      "type": "Feature",
      "geometry": {
        "type": "Point",
        "coordinates": [
          -111.97361363352044,
          33.49551319437329
        ]
      },
      "properties": {
        "timestamp": "2026-06-16 10:00:00",
        "wbgt": 37.62,
        "risk_level": "moderate"
      }
    },
    {
      "type": "Feature",
      "geometry": {
        "type": "Point",
        "coordinates": [
          -112.05242066996828,
          33.54320577839588
        ]
      },
      "properties": {
        "timestamp": "2026-06-16 11:00:00",
        "wbgt": 39.36,
        "risk_level": "moderate"
      }
    },
    {
      "type": "Feature",
      "geometry": {
        "type": "Point",
        "coordinates": [
          -112.1092657565132,
          33.48422439335542
        ]
      },
      "properties": {
        "timestamp": "2026-06-16 12:00:00",
        "wbgt": 36.58,
        "risk_level": "moderate"
      }
    },
    {
      "type": "Feature",
      "geometry": {
        "type": "Point",
        "coordinates": [
          -112.05257454674144,
          33.55786956949409
        ]
      },
      "properties": {
        "timestamp": "2026-06-16 13:00:00",
        "wbgt": 38.77,
        "risk_level": "moderate"
      }
    },
    {
      "type": "Feature",
      "geometry": {
        "type": "Point",
        "coordinates": [
          -112.04326675637836,
          33.41771811645854
        ]
      },
      "properties": {
        "timestamp": "2026-06-16 14:00:00",
        "wbgt": 41.04,
        "risk_level": "moderate"
      }
    },
    {
      "type": "Feature",
      "geometry": {
        "type": "Point",
        "coordinates": [
          -112.03118649029332,
          33.58686665719468
        ]
      },
      "properties": {
        "timestamp": "2026-06-16 15:00:00",
        "wbgt": 33.8,
        "risk_level": "low"
      }
    },
    {
      "type": "Feature",
      "geometry": {
        "type": "Point",
        "coordinates": [
          -112.0676328859034,
          33.33994350125343
        ]
      },
      "properties": {
        "timestamp": "2026-06-16 16:00:00",
        "wbgt": 37.22,
        "risk_level": "moderate"
      }
    },
    {
      "type": "Feature",
      "geometry": {
        "type": "Point",
        "coordinates": [
          -112.01827340905828,
          33.33064485889726
        ]
      },
      "properties": {
        "timestamp": "2026-06-16 17:00:00",
        "wbgt": 30.42,
        "risk_level": "low"
      }
    },
    {
      "type": "Feature",
      "geometry": {
        "type": "Point",
        "coordinates": [
          -111.92437958681808,
          33.49760764386223
        ]
      },
      "properties": {
        "timestamp": "2026-06-16 18:00:00",
        "wbgt": 31.08,
        "risk_level": "low"
      }
    },
    {
      "type": "Feature",
      "geometry": {
        "type": "Point",
        "coordinates": [
          -112.09131957387042,
          33.58284934242398
        ]
      },
      "properties": {
        "timestamp": "2026-06-16 19:00:00",
        "wbgt": 26.89,
        "risk_level": "low"
      }
    },
    {
      "type": "Feature",
      "geometry": {
        "type": "Point",
        "coordinates": [
          -111.98228506103402,
          33.5426650384909
        ]
      },
      "properties": {
        "timestamp": "2026-06-16 20:00:00",
        "wbgt": 28.39,
        "risk_level": "low"
      }
    },
    {
      "type": "Feature",
      "geometry": {
        "type": "Point",
        "coordinates": [
          -111.93166423295274,
          33.32292505783141
        ]
      },
      "properties": {
        "timestamp": "2026-06-16 21:00:00",
        "wbgt": 28.91,
        "risk_level": "low"
      }
    },
    {
      "type": "Feature",
      "geometry": {
        "type": "Point",
        "coordinates": [
          -112.06320621727204,
          33.383810314180415
        ]
      },
      "properties": {
        "timestamp": "2026-06-16 22:00:00",
        "wbgt": 25.57,
        "risk_level": "low"
      }
    },
    {
      "type": "Feature",
      "geometry": {
        "type": "Point",
        "coordinates": [
          -112.06696324908545,
          33.57909566545135
        ]
      },
      "properties": {
        "timestamp": "2026-06-16 23:00:00",
        "wbgt": 28.87,
        "risk_level": "low"
      }
    },
    {
      "type": "Feature",
      "geometry": {
        "type": "Point",
        "coordinates": [
          -112.01936490439356,
          33.37591752984024
        ]
      },
      "properties": {
        "timestamp": "2026-06-17 00:00:00",
        "wbgt": 26.3,
        "risk_level": "low"
      }
    },
    {
      "type": "Feature",
      "geometry": {
        "type": "Point",
        "coordinates": [
          -112.02257797217324,
          33.53435112713608
        ]
      },
      "properties": {
        "timestamp": "2026-06-17 01:00:00",
        "wbgt": 28.69,
        "risk_level": "low"
      }
    },
    {
      "type": "Feature",
      "geometry": {
        "type": "Point",
        "coordinates": [
          -111.95802319730213,
          33.54753965877861
        ]
      },
      "properties": {
        "timestamp": "2026-06-17 02:00:00",
        "wbgt": 27.72,
        "risk_level": "low"
      }
    },
    {
      "type": "Feature",
      "geometry": {
        "type": "Point",
        "coordinates": [
          -112.05705498486653,
          33.44863563103829
        ]
      },
      "properties": {
        "timestamp": "2026-06-17 03:00:00",
        "wbgt": 29.81,
        "risk_level": "low"
      }
    },
    {
      "type": "Feature",
      "geometry": {
        "type": "Point",
        "coordinates": [
          -111.90116311510818,
          33.4159046729545
        ]
      },
      "properties": {
        "timestamp": "2026-06-17 04:00:00",
        "wbgt": 30.88,
        "risk_level": "low"
      }
    },
    {
      "type": "Feature",
      "geometry": {
        "type": "Point",
        "coordinates": [
          -112.18215852933982,
          33.43503732972593
        ]
      },
      "properties": {
        "timestamp": "2026-06-17 05:00:00",
        "wbgt": 28.89,
        "risk_level": "low"
      }
    },
    {
      "type": "Feature",
      "geometry": {
        "type": "Point",
        "coordinates": [
          -112.1990496454258,
          33.36808940830961
        ]
      },
      "properties": {
        "timestamp": "2026-06-17 06:00:00",
        "wbgt": 24.71,
        "risk_level": "low"
      }
    },
    {
      "type": "Feature",
      "geometry": {
        "type": "Point",
        "coordinates": [
          -112.00794050653212,
          33.566817274838655
        ]
      },
      "properties": {
        "timestamp": "2026-06-17 07:00:00",
        "wbgt": 32.4,
        "risk_level": "low"
      }
    },
    {
      "type": "Feature",
      "geometry": {
        "type": "Point",
        "coordinates": [
          -112.11046952629144,
          33.435185897018926
        ]
      },
      "properties": {
        "timestamp": "2026-06-17 08:00:00",
        "wbgt": 31.97,
        "risk_level": "low"
      }
    },
    {
      "type": "Feature",
      "geometry": {
        "type": "Point",
        "coordinates": [
          -112.12788528339016,
          33.56473783213683
        ]
      },
      "properties": {
        "timestamp": "2026-06-17 09:00:00",
        "wbgt": 34.91,
        "risk_level": "low"
      }
    },
    {
      "type": "Feature",
      "geometry": {
        "type": "Point",
        "coordinates": [
          -112.10643027599872,
          33.33170804397188
        ]
      },
      "properties": {
        "timestamp": "2026-06-17 10:00:00",
        "wbgt": 37.42,
        "risk_level": "moderate"
      }
    },
    {
      "type": "Feature",
      "geometry": {
        "type": "Point",
        "coordinates": [
          -112.12318573046852,
          33.59648258130004
        ]
      },
      "properties": {
        "timestamp": "2026-06-17 11:00:00",
        "wbgt": 37.23,
        "risk_level": "moderate"
      }
    },
    {
      "type": "Feature",
      "geometry": {
        "type": "Point",
        "coordinates": [
          -112.19076298510188,
          33.43298192623308
        ]
      },
      "properties": {
        "timestamp": "2026-06-17 12:00:00",
        "wbgt": 34.02,
        "risk_level": "low"
      }
    },
    {
      "type": "Feature",
      "geometry": {
        "type": "Point",
        "coordinates": [
          -111.90854008728284,
          33.314349246118226
        ]
      },
      "properties": {
        "timestamp": "2026-06-17 13:00:00",
        "wbgt": 38.64,
        "risk_level": "moderate"
      }
    },
    {
      "type": "Feature",
      "geometry": {
        "type": "Point",
        "coordinates": [
          -112.13377635346416,
          33.31140655447123
        ]
      },
      "properties": {
        "timestamp": "2026-06-17 14:00:00",
        "wbgt": 35.65,
        "risk_level": "moderate"
      }
    },
    {
      "type": "Feature",
      "geometry": {
        "type": "Point",
        "coordinates": [
          -111.97979107122322,
          33.52386217724455
        ]
      },
      "properties": {
        "timestamp": "2026-06-17 15:00:00",
        "wbgt": 36.44,
        "risk_level": "moderate"
      }
    },
    {
      "type": "Feature",
      "geometry": {
        "type": "Point",
        "coordinates": [
          -111.97122108159176,
          33.497710660261106
        ]
      },
      "properties": {
        "timestamp": "2026-06-17 16:00:00",
        "wbgt": 32.85,
        "risk_level": "low"
      }
    },
    {
      "type": "Feature",
      "geometry": {
        "type": "Point",
        "coordinates": [
          -111.92122278059784,
          33.54063916743828
        ]
      },
      "properties": {
        "timestamp": "2026-06-17 17:00:00",
        "wbgt": 30.9,
        "risk_level": "low"
      }
    },
    {
      "type": "Feature",
      "geometry": {
        "type": "Point",
        "coordinates": [
          -112.190835162872,
          33.33161026018584
        ]
      },
      "properties": {
        "timestamp": "2026-06-17 18:00:00",
        "wbgt": 30.5,
        "risk_level": "low"
      }
    },
    {
      "type": "Feature",
      "geometry": {
        "type": "Point",
        "coordinates": [
          -111.9383854984659,
          33.31067126011066
        ]
      },
      "properties": {
        "timestamp": "2026-06-17 19:00:00",
        "wbgt": 27.67,
        "risk_level": "low"
      }
    },
    {
      "type": "Feature",
      "geometry": {
        "type": "Point",
        "coordinates": [
          -112.04183214574806,
          33.45257378683427
        ]
      },
      "properties": {
        "timestamp": "2026-06-17 20:00:00",
        "wbgt": 28.43,
        "risk_level": "low"
      }
    },
    {
      "type": "Feature",
      "geometry": {
        "type": "Point",
        "coordinates": [
          -112.01023676701026,
          33.41627856944483
        ]
      },
      "properties": {
        "timestamp": "2026-06-17 21:00:00",
        "wbgt": 31.32,
        "risk_level": "low"
      }
    },
    {
      "type": "Feature",
      "geometry": {
        "type": "Point",
        "coordinates": [
          -112.0066589168637,
          33.43858408100129
        ]
      },
      "properties": {
        "timestamp": "2026-06-17 22:00:00",
        "wbgt": 27.68,
        "risk_level": "low"
      }
    },
    {
      "type": "Feature",
      "geometry": {
        "type": "Point",
        "coordinates": [
          -111.9540606585046,
          33.59747652266108
        ]
      },
      "properties": {
        "timestamp": "2026-06-17 23:00:00",
        "wbgt": 27.86,
        "risk_level": "low"
      }
    },
    {
      "type": "Feature",
      "geometry": {
        "type": "Point",
        "coordinates": [
          -112.09997780335227,
          33.5912249873012
        ]
      },
      "properties": {
        "timestamp": "2026-06-18 00:00:00",
        "wbgt": 29.75,
        "risk_level": "low"
      }
    },
    {
      "type": "Feature",
      "geometry": {
        "type": "Point",
        "coordinates": [
          -111.980084643042,
          33.58269461690196
        ]
      },
      "properties": {
        "timestamp": "2026-06-18 01:00:00",
        "wbgt": 26.87,
        "risk_level": "low"
      }
    },
    {
      "type": "Feature",
      "geometry": {
        "type": "Point",
        "coordinates": [
          -112.04142656708336,
          33.5351528030303
        ]
      },
      "properties": {
        "timestamp": "2026-06-18 02:00:00",
        "wbgt": 27.68,
        "risk_level": "low"
      }
    },
    {
      "type": "Feature",
      "geometry": {
        "type": "Point",
        "coordinates": [
          -111.9619817957084,
          33.406452408077065
        ]
      },
      "properties": {
        "timestamp": "2026-06-18 03:00:00",
        "wbgt": 26.89,
        "risk_level": "low"
      }
    },
    {
      "type": "Feature",
      "geometry": {
        "type": "Point",
        "coordinates": [
          -111.90283619016895,
          33.42363927907883
        ]
      },
      "properties": {
        "timestamp": "2026-06-18 04:00:00",
        "wbgt": 26.44,
        "risk_level": "low"
      }
    },
    {
      "type": "Feature",
      "geometry": {
        "type": "Point",
        "coordinates": [
          -112.13980469477887,
          33.464884813115674
        ]
      },
      "properties": {
        "timestamp": "2026-06-18 05:00:00",
        "wbgt": 27.01,
        "risk_level": "low"
      }
    },
    {
      "type": "Feature",
      "geometry": {
        "type": "Point",
        "coordinates": [
          -111.901605407532,
          33.54916033692145
        ]
      },
      "properties": {
        "timestamp": "2026-06-18 06:00:00",
        "wbgt": 30.79,
        "risk_level": "low"
      }
    },
    {
      "type": "Feature",
      "geometry": {
        "type": "Point",
        "coordinates": [
          -112.17305635371515,
          33.320613849755475
        ]
      },
      "properties": {
        "timestamp": "2026-06-18 07:00:00",
        "wbgt": 30.75,
        "risk_level": "low"
      }
    },
    {
      "type": "Feature",
      "geometry": {
        "type": "Point",
        "coordinates": [
          -112.19930473562856,
          33.427289065765464
        ]
      },
      "properties": {
        "timestamp": "2026-06-18 08:00:00",
        "wbgt": 36.12,
        "risk_level": "moderate"
      }
    },
    {
      "type": "Feature",
      "geometry": {
        "type": "Point",
        "coordinates": [
          -112.18675141914666,
          33.32478529903778
        ]
      },
      "properties": {
        "timestamp": "2026-06-18 09:00:00",
        "wbgt": 40.4,
        "risk_level": "moderate"
      }
    },
    {
      "type": "Feature",
      "geometry": {
        "type": "Point",
        "coordinates": [
          -112.09746527857898,
          33.454397275972056
        ]
      },
      "properties": {
        "timestamp": "2026-06-18 10:00:00",
        "wbgt": 39.72,
        "risk_level": "moderate"
      }
    },
    {
      "type": "Feature",
      "geometry": {
        "type": "Point",
        "coordinates": [
          -112.01012810079648,
          33.56967024720187
        ]
      },
      "properties": {
        "timestamp": "2026-06-18 11:00:00",
        "wbgt": 44.54,
        "risk_level": "high"
      }
    },
    {
      "type": "Feature",
      "geometry": {
        "type": "Point",
        "coordinates": [
          -112.17929113773364,
          33.534745477369185
        ]
      },
      "properties": {
        "timestamp": "2026-06-18 12:00:00",
        "wbgt": 43.85,
        "risk_level": "high"
      }
    },
    {
      "type": "Feature",
      "geometry": {
        "type": "Point",
        "coordinates": [
          -112.19830025564112,
          33.36835272526293
        ]
      },
      "properties": {
        "timestamp": "2026-06-18 13:00:00",
        "wbgt": 37.7,
        "risk_level": "moderate"
      }
    },
    {
      "type": "Feature",
      "geometry": {
        "type": "Point",
        "coordinates": [
          -111.91887269146235,
          33.59279725487964
        ]
      },
      "properties": {
        "timestamp": "2026-06-18 14:00:00",
        "wbgt": 40.17,
        "risk_level": "moderate"
      }
    },
    {
      "type": "Feature",
      "geometry": {
        "type": "Point",
        "coordinates": [
          -111.95342200921804,
          33.50020511941393
        ]
      },
      "properties": {
        "timestamp": "2026-06-18 15:00:00",
        "wbgt": 39.42,
        "risk_level": "moderate"
      }
    },
    {
      "type": "Feature",
      "geometry": {
        "type": "Point",
        "coordinates": [
          -111.9572450486583,
          33.303128309819215
        ]
      },
      "properties": {
        "timestamp": "2026-06-18 16:00:00",
        "wbgt": 36.64,
        "risk_level": "moderate"
      }
    },
    {
      "type": "Feature",
      "geometry": {
        "type": "Point",
        "coordinates": [
          -111.9346727173494,
          33.37662404540556
        ]
      },
      "properties": {
        "timestamp": "2026-06-18 17:00:00",
        "wbgt": 36.01,
        "risk_level": "moderate"
      }
    },
    {
      "type": "Feature",
      "geometry": {
        "type": "Point",
        "coordinates": [
          -111.98998971816836,
          33.378213989975976
        ]
      },
      "properties": {
        "timestamp": "2026-06-18 18:00:00",
        "wbgt": 28.0,
        "risk_level": "low"
      }
    },
    {
      "type": "Feature",
      "geometry": {
        "type": "Point",
        "coordinates": [
          -112.16867876107558,
          33.32077629188576
        ]
      },
      "properties": {
        "timestamp": "2026-06-18 19:00:00",
        "wbgt": 29.46,
        "risk_level": "low"
      }
    },
    {
      "type": "Feature",
      "geometry": {
        "type": "Point",
        "coordinates": [
          -112.08026994357787,
          33.58794795542278
        ]
      },
      "properties": {
        "timestamp": "2026-06-18 20:00:00",
        "wbgt": 31.38,
        "risk_level": "low"
      }
    },
    {
      "type": "Feature",
      "geometry": {
        "type": "Point",
        "coordinates": [
          -111.98305515406062,
          33.443476588372775
        ]
      },
      "properties": {
        "timestamp": "2026-06-18 21:00:00",
        "wbgt": 26.36,
        "risk_level": "low"
      }
    },
    {
      "type": "Feature",
      "geometry": {
        "type": "Point",
        "coordinates": [
          -112.11589966176254,
          33.568744379211566
        ]
      },
      "properties": {
        "timestamp": "2026-06-18 22:00:00",
        "wbgt": 25.76,
        "risk_level": "low"
      }
    },
    {
      "type": "Feature",
      "geometry": {
        "type": "Point",
        "coordinates": [
          -111.99377809075914,
          33.39666465103339
        ]
      },
      "properties": {
        "timestamp": "2026-06-18 23:00:00",
        "wbgt": 26.82,
        "risk_level": "low"
      }
    },
    {
      "type": "Feature",
      "geometry": {
        "type": "Point",
        "coordinates": [
          -112.1926504655197,
          33.337570071129846
        ]
      },
      "properties": {
        "timestamp": "2026-06-19 00:00:00",
        "wbgt": 26.22,
        "risk_level": "low"
      }
    },
    {
      "type": "Feature",
      "geometry": {
        "type": "Point",
        "coordinates": [
          -112.10815879773612,
          33.44230083297186
        ]
      },
      "properties": {
        "timestamp": "2026-06-19 01:00:00",
        "wbgt": 30.1,
        "risk_level": "low"
      }
    },
    {
      "type": "Feature",
      "geometry": {
        "type": "Point",
        "coordinates": [
          -112.03526089911684,
          33.334186990414295
        ]
      },
      "properties": {
        "timestamp": "2026-06-19 02:00:00",
        "wbgt": 32.45,
        "risk_level": "low"
      }
    },
    {
      "type": "Feature",
      "geometry": {
        "type": "Point",
        "coordinates": [
          -112.01037305114814,
          33.44580465089326
        ]
      },
      "properties": {
        "timestamp": "2026-06-19 03:00:00",
        "wbgt": 29.41,
        "risk_level": "low"
      }
    },
    {
      "type": "Feature",
      "geometry": {
        "type": "Point",
        "coordinates": [
          -112.02688780066144,
          33.576089154365825
        ]
      },
      "properties": {
        "timestamp": "2026-06-19 04:00:00",
        "wbgt": 31.79,
        "risk_level": "low"
      }
    },
    {
      "type": "Feature",
      "geometry": {
        "type": "Point",
        "coordinates": [
          -111.99067311717798,
          33.456230442550265
        ]
      },
      "properties": {
        "timestamp": "2026-06-19 05:00:00",
        "wbgt": 27.71,
        "risk_level": "low"
      }
    },
    {
      "type": "Feature",
      "geometry": {
        "type": "Point",
        "coordinates": [
          -112.19817337552806,
          33.48494991806852
        ]
      },
      "properties": {
        "timestamp": "2026-06-19 06:00:00",
        "wbgt": 25.86,
        "risk_level": "low"
      }
    },
    {
      "type": "Feature",
      "geometry": {
        "type": "Point",
        "coordinates": [
          -112.16971764000677,
          33.346991531092144
        ]
      },
      "properties": {
        "timestamp": "2026-06-19 07:00:00",
        "wbgt": 33.39,
        "risk_level": "low"
      }
    },
    {
      "type": "Feature",
      "geometry": {
        "type": "Point",
        "coordinates": [
          -111.93931672431626,
          33.31312068776399
        ]
      },
      "properties": {
        "timestamp": "2026-06-19 08:00:00",
        "wbgt": 31.91,
        "risk_level": "low"
      }
    },
    {
      "type": "Feature",
      "geometry": {
        "type": "Point",
        "coordinates": [
          -111.99547540677295,
          33.33324238865394
        ]
      },
      "properties": {
        "timestamp": "2026-06-19 09:00:00",
        "wbgt": 32.89,
        "risk_level": "low"
      }
    },
    {
      "type": "Feature",
      "geometry": {
        "type": "Point",
        "coordinates": [
          -112.1661205071942,
          33.47955947270531
        ]
      },
      "properties": {
        "timestamp": "2026-06-19 10:00:00",
        "wbgt": 33.3,
        "risk_level": "low"
      }
    },
    {
      "type": "Feature",
      "geometry": {
        "type": "Point",
        "coordinates": [
          -111.94737766878043,
          33.32850350969769
        ]
      },
      "properties": {
        "timestamp": "2026-06-19 11:00:00",
        "wbgt": 39.62,
        "risk_level": "moderate"
      }
    },
    {
      "type": "Feature",
      "geometry": {
        "type": "Point",
        "coordinates": [
          -112.12733063465264,
          33.412797866982395
        ]
      },
      "properties": {
        "timestamp": "2026-06-19 12:00:00",
        "wbgt": 37.75,
        "risk_level": "moderate"
      }
    },
    {
      "type": "Feature",
      "geometry": {
        "type": "Point",
        "coordinates": [
          -112.05652203474143,
          33.465027582137445
        ]
      },
      "properties": {
        "timestamp": "2026-06-19 13:00:00",
        "wbgt": 44.01,
        "risk_level": "high"
      }
    },
    {
      "type": "Feature",
      "geometry": {
        "type": "Point",
        "coordinates": [
          -112.1564410461346,
          33.41659583958895
        ]
      },
      "properties": {
        "timestamp": "2026-06-19 14:00:00",
        "wbgt": 38.15,
        "risk_level": "moderate"
      }
    },
    {
      "type": "Feature",
      "geometry": {
        "type": "Point",
        "coordinates": [
          -111.98696698307349,
          33.34910514043959
        ]
      },
      "properties": {
        "timestamp": "2026-06-19 15:00:00",
        "wbgt": 34.55,
        "risk_level": "low"
      }
    },
    {
      "type": "Feature",
      "geometry": {
        "type": "Point",
        "coordinates": [
          -111.99994367369573,
          33.38213739225423
        ]
      },
      "properties": {
        "timestamp": "2026-06-19 16:00:00",
        "wbgt": 29.58,
        "risk_level": "low"
      }
    },
    {
      "type": "Feature",
      "geometry": {
        "type": "Point",
        "coordinates": [
          -112.13666625865017,
          33.57849525985458
        ]
      },
      "properties": {
        "timestamp": "2026-06-19 17:00:00",
        "wbgt": 28.76,
        "risk_level": "low"
      }
    },
    {
      "type": "Feature",
      "geometry": {
        "type": "Point",
        "coordinates": [
          -111.9409797699429,
          33.502794682675905
        ]
      },
      "properties": {
        "timestamp": "2026-06-19 18:00:00",
        "wbgt": 28.75,
        "risk_level": "low"
      }
    },
    {
      "type": "Feature",
      "geometry": {
        "type": "Point",
        "coordinates": [
          -112.07960819273409,
          33.448814351603964
        ]
      },
      "properties": {
        "timestamp": "2026-06-19 19:00:00",
        "wbgt": 26.21,
        "risk_level": "low"
      }
    },
    {
      "type": "Feature",
      "geometry": {
        "type": "Point",
        "coordinates": [
          -112.11224547267878,
          33.303814466996066
        ]
      },
      "properties": {
        "timestamp": "2026-06-19 20:00:00",
        "wbgt": 25.33,
        "risk_level": "low"
      }
    },
    {
      "type": "Feature",
      "geometry": {
        "type": "Point",
        "coordinates": [
          -112.15430112316064,
          33.59772462014684
        ]
      },
      "properties": {
        "timestamp": "2026-06-19 21:00:00",
        "wbgt": 27.22,
        "risk_level": "low"
      }
    },
    {
      "type": "Feature",
      "geometry": {
        "type": "Point",
        "coordinates": [
          -112.12014959624534,
          33.50143648046839
        ]
      },
      "properties": {
        "timestamp": "2026-06-19 22:00:00",
        "wbgt": 24.94,
        "risk_level": "low"
      }
    },
    {
      "type": "Feature",
      "geometry": {
        "type": "Point",
        "coordinates": [
          -112.19339192363286,
          33.39507674320348
        ]
      },
      "properties": {
        "timestamp": "2026-06-19 23:00:00",
        "wbgt": 26.71,
        "risk_level": "low"
      }
    },
    {
      "type": "Feature",
      "geometry": {
        "type": "Point",
        "coordinates": [
          -112.02502275226315,
          33.563780597999354
        ]
      },
      "properties": {
        "timestamp": "2026-06-20 00:00:00",
        "wbgt": 26.35,
        "risk_level": "low"
      }
    },
    {
      "type": "Feature",
      "geometry": {
        "type": "Point",
        "coordinates": [
          -111.94733077609682,
          33.377529486087546
        ]
      },
      "properties": {
        "timestamp": "2026-06-20 01:00:00",
        "wbgt": 27.86,
        "risk_level": "low"
      }
    },
    {
      "type": "Feature",
      "geometry": {
        "type": "Point",
        "coordinates": [
          -112.03530586516752,
          33.46320497375483
        ]
      },
      "properties": {
        "timestamp": "2026-06-20 02:00:00",
        "wbgt": 29.5,
        "risk_level": "low"
      }
    },
    {
      "type": "Feature",
      "geometry": {
        "type": "Point",
        "coordinates": [
          -112.13421781142284,
          33.49082122911895
        ]
      },
      "properties": {
        "timestamp": "2026-06-20 03:00:00",
        "wbgt": 26.69,
        "risk_level": "low"
      }
    },
    {
      "type": "Feature",
      "geometry": {
        "type": "Point",
        "coordinates": [
          -112.18989924653584,
          33.36631901143612
        ]
      },
      "properties": {
        "timestamp": "2026-06-20 04:00:00",
        "wbgt": 33.89,
        "risk_level": "low"
      }
    },
    {
      "type": "Feature",
      "geometry": {
        "type": "Point",
        "coordinates": [
          -112.13561157802236,
          33.59351918364018
        ]
      },
      "properties": {
        "timestamp": "2026-06-20 05:00:00",
        "wbgt": 27.82,
        "risk_level": "low"
      }
    },
    {
      "type": "Feature",
      "geometry": {
        "type": "Point",
        "coordinates": [
          -112.07516357157868,
          33.5244575717937
        ]
      },
      "properties": {
        "timestamp": "2026-06-20 06:00:00",
        "wbgt": 26.88,
        "risk_level": "low"
      }
    },
    {
      "type": "Feature",
      "geometry": {
        "type": "Point",
        "coordinates": [
          -111.97211657139006,
          33.46734396765332
        ]
      },
      "properties": {
        "timestamp": "2026-06-20 07:00:00",
        "wbgt": 34.17,
        "risk_level": "low"
      }
    },
    {
      "type": "Feature",
      "geometry": {
        "type": "Point",
        "coordinates": [
          -112.14364714423868,
          33.35417837945259
        ]
      },
      "properties": {
        "timestamp": "2026-06-20 08:00:00",
        "wbgt": 31.61,
        "risk_level": "low"
      }
    },
    {
      "type": "Feature",
      "geometry": {
        "type": "Point",
        "coordinates": [
          -111.9840625639936,
          33.316157462099405
        ]
      },
      "properties": {
        "timestamp": "2026-06-20 09:00:00",
        "wbgt": 39.93,
        "risk_level": "moderate"
      }
    },
    {
      "type": "Feature",
      "geometry": {
        "type": "Point",
        "coordinates": [
          -111.93991995949445,
          33.39601794975629
        ]
      },
      "properties": {
        "timestamp": "2026-06-20 10:00:00",
        "wbgt": 34.61,
        "risk_level": "low"
      }
    },
    {
      "type": "Feature",
      "geometry": {
        "type": "Point",
        "coordinates": [
          -112.0638159455675,
          33.52595620077402
        ]
      },
      "properties": {
        "timestamp": "2026-06-20 11:00:00",
        "wbgt": 40.05,
        "risk_level": "moderate"
      }
    },
    {
      "type": "Feature",
      "geometry": {
        "type": "Point",
        "coordinates": [
          -111.95357040250722,
          33.380799389490605
        ]
      },
      "properties": {
        "timestamp": "2026-06-20 12:00:00",
        "wbgt": 34.8,
        "risk_level": "low"
      }
    },
    {
      "type": "Feature",
      "geometry": {
        "type": "Point",
        "coordinates": [
          -112.03360279558947,
          33.461866866148654
        ]
      },
      "properties": {
        "timestamp": "2026-06-20 13:00:00",
        "wbgt": 40.52,
        "risk_level": "moderate"
      }
    },
    {
      "type": "Feature",
      "geometry": {
        "type": "Point",
        "coordinates": [
          -112.00887274887572,
          33.51838415301922
        ]
      },
      "properties": {
        "timestamp": "2026-06-20 14:00:00",
        "wbgt": 38.55,
        "risk_level": "moderate"
      }
    },
    {
      "type": "Feature",
      "geometry": {
        "type": "Point",
        "coordinates": [
          -112.04211646189854,
          33.332383114393934
        ]
      },
      "properties": {
        "timestamp": "2026-06-20 15:00:00",
        "wbgt": 34.34,
        "risk_level": "low"
      }
    },
    {
      "type": "Feature",
      "geometry": {
        "type": "Point",
        "coordinates": [
          -112.0610481849746,
          33.505589404834765
        ]
      },
      "properties": {
        "timestamp": "2026-06-20 16:00:00",
        "wbgt": 30.76,
        "risk_level": "low"
      }
    },
    {
      "type": "Feature",
      "geometry": {
        "type": "Point",
        "coordinates": [
          -112.12960396746723,
          33.32756126631301
        ]
      },
      "properties": {
        "timestamp": "2026-06-20 17:00:00",
        "wbgt": 31.59,
        "risk_level": "low"
      }
    },
    {
      "type": "Feature",
      "geometry": {
        "type": "Point",
        "coordinates": [
          -112.1090417821617,
          33.5895389226381
        ]
      },
      "properties": {
        "timestamp": "2026-06-20 18:00:00",
        "wbgt": 26.99,
        "risk_level": "low"
      }
    },
    {
      "type": "Feature",
      "geometry": {
        "type": "Point",
        "coordinates": [
          -112.11300896431692,
          33.44651823901948
        ]
      },
      "properties": {
        "timestamp": "2026-06-20 19:00:00",
        "wbgt": 27.25,
        "risk_level": "low"
      }
    },
    {
      "type": "Feature",
      "geometry": {
        "type": "Point",
        "coordinates": [
          -112.03101332071384,
          33.345202832312964
        ]
      },
      "properties": {
        "timestamp": "2026-06-20 20:00:00",
        "wbgt": 30.93,
        "risk_level": "low"
      }
    },
    {
      "type": "Feature",
      "geometry": {
        "type": "Point",
        "coordinates": [
          -112.16401389209284,
          33.40271509081006
        ]
      },
      "properties": {
        "timestamp": "2026-06-20 21:00:00",
        "wbgt": 27.67,
        "risk_level": "low"
      }
    },
    {
      "type": "Feature",
      "geometry": {
        "type": "Point",
        "coordinates": [
          -111.9249624927893,
          33.42402493478858
        ]
      },
      "properties": {
        "timestamp": "2026-06-20 22:00:00",
        "wbgt": 34.64,
        "risk_level": "low"
      }
    },
    {
      "type": "Feature",
      "geometry": {
        "type": "Point",
        "coordinates": [
          -111.98380345641507,
          33.52745550332296
        ]
      },
      "properties": {
        "timestamp": "2026-06-20 23:00:00",
        "wbgt": 31.36,
        "risk_level": "low"
      }
    },
    {
      "type": "Feature",
      "geometry": {
        "type": "Point",
        "coordinates": [
          -112.07956631072604,
          33.523027135822986
        ]
      },
      "properties": {
        "timestamp": "2026-06-21 00:00:00",
        "wbgt": 27.1,
        "risk_level": "low"
      }
    },
    {
      "type": "Feature",
      "geometry": {
        "type": "Point",
        "coordinates": [
          -112.1524127566421,
          33.4835821516012
        ]
      },
      "properties": {
        "timestamp": "2026-06-21 01:00:00",
        "wbgt": 27.4,
        "risk_level": "low"
      }
    },
    {
      "type": "Feature",
      "geometry": {
        "type": "Point",
        "coordinates": [
          -111.93540234908352,
          33.33177921376755
        ]
      },
      "properties": {
        "timestamp": "2026-06-21 02:00:00",
        "wbgt": 24.36,
        "risk_level": "low"
      }
    },
    {
      "type": "Feature",
      "geometry": {
        "type": "Point",
        "coordinates": [
          -111.95286657296964,
          33.3454708114763
        ]
      },
      "properties": {
        "timestamp": "2026-06-21 03:00:00",
        "wbgt": 26.02,
        "risk_level": "low"
      }
    },
    {
      "type": "Feature",
      "geometry": {
        "type": "Point",
        "coordinates": [
          -111.98348353418486,
          33.32812707619367
        ]
      },
      "properties": {
        "timestamp": "2026-06-21 04:00:00",
        "wbgt": 24.89,
        "risk_level": "low"
      }
    },
    {
      "type": "Feature",
      "geometry": {
        "type": "Point",
        "coordinates": [
          -112.11853588577664,
          33.47315183498626
        ]
      },
      "properties": {
        "timestamp": "2026-06-21 05:00:00",
        "wbgt": 26.98,
        "risk_level": "low"
      }
    },
    {
      "type": "Feature",
      "geometry": {
        "type": "Point",
        "coordinates": [
          -112.0792660087699,
          33.56314153245342
        ]
      },
      "properties": {
        "timestamp": "2026-06-21 06:00:00",
        "wbgt": 27.11,
        "risk_level": "low"
      }
    },
    {
      "type": "Feature",
      "geometry": {
        "type": "Point",
        "coordinates": [
          -112.16917552426428,
          33.43014015367643
        ]
      },
      "properties": {
        "timestamp": "2026-06-21 07:00:00",
        "wbgt": 29.56,
        "risk_level": "low"
      }
    },
    {
      "type": "Feature",
      "geometry": {
        "type": "Point",
        "coordinates": [
          -112.14328814258174,
          33.34825445218732
        ]
      },
      "properties": {
        "timestamp": "2026-06-21 08:00:00",
        "wbgt": 36.27,
        "risk_level": "moderate"
      }
    },
    {
      "type": "Feature",
      "geometry": {
        "type": "Point",
        "coordinates": [
          -111.96509500880498,
          33.46741269754469
        ]
      },
      "properties": {
        "timestamp": "2026-06-21 09:00:00",
        "wbgt": 36.28,
        "risk_level": "moderate"
      }
    },
    {
      "type": "Feature",
      "geometry": {
        "type": "Point",
        "coordinates": [
          -111.9854883843448,
          33.54352566505971
        ]
      },
      "properties": {
        "timestamp": "2026-06-21 10:00:00",
        "wbgt": 39.96,
        "risk_level": "moderate"
      }
    },
    {
      "type": "Feature",
      "geometry": {
        "type": "Point",
        "coordinates": [
          -112.02195427110722,
          33.52251361845388
        ]
      },
      "properties": {
        "timestamp": "2026-06-21 11:00:00",
        "wbgt": 45.16,
        "risk_level": "high"
      }
    },
    {
      "type": "Feature",
      "geometry": {
        "type": "Point",
        "coordinates": [
          -111.93128198222216,
          33.56443523390251
        ]
      },
      "properties": {
        "timestamp": "2026-06-21 12:00:00",
        "wbgt": 34.99,
        "risk_level": "low"
      }
    },
    {
      "type": "Feature",
      "geometry": {
        "type": "Point",
        "coordinates": [
          -112.02502004465607,
          33.38337062917466
        ]
      },
      "properties": {
        "timestamp": "2026-06-21 13:00:00",
        "wbgt": 34.79,
        "risk_level": "low"
      }
    },
    {
      "type": "Feature",
      "geometry": {
        "type": "Point",
        "coordinates": [
          -112.05990960001093,
          33.35818616018033
        ]
      },
      "properties": {
        "timestamp": "2026-06-21 14:00:00",
        "wbgt": 43.11,
        "risk_level": "high"
      }
    },
    {
      "type": "Feature",
      "geometry": {
        "type": "Point",
        "coordinates": [
          -112.09788877610828,
          33.56394494578258
        ]
      },
      "properties": {
        "timestamp": "2026-06-21 15:00:00",
        "wbgt": 35.7,
        "risk_level": "moderate"
      }
    },
    {
      "type": "Feature",
      "geometry": {
        "type": "Point",
        "coordinates": [
          -111.91786544827916,
          33.497268093833405
        ]
      },
      "properties": {
        "timestamp": "2026-06-21 16:00:00",
        "wbgt": 33.16,
        "risk_level": "low"
      }
    },
    {
      "type": "Feature",
      "geometry": {
        "type": "Point",
        "coordinates": [
          -112.1751853615427,
          33.393278679002265
        ]
      },
      "properties": {
        "timestamp": "2026-06-21 17:00:00",
        "wbgt": 29.46,
        "risk_level": "low"
      }
    },
    {
      "type": "Feature",
      "geometry": {
        "type": "Point",
        "coordinates": [
          -111.92073378838175,
          33.52270441517175
        ]
      },
      "properties": {
        "timestamp": "2026-06-21 18:00:00",
        "wbgt": 26.34,
        "risk_level": "low"
      }
    },
    {
      "type": "Feature",
      "geometry": {
        "type": "Point",
        "coordinates": [
          -111.9519856020207,
          33.54453551534411
        ]
      },
      "properties": {
        "timestamp": "2026-06-21 19:00:00",
        "wbgt": 24.74,
        "risk_level": "low"
      }
    },
    {
      "type": "Feature",
      "geometry": {
        "type": "Point",
        "coordinates": [
          -112.16102102263928,
          33.484493472102336
        ]
      },
      "properties": {
        "timestamp": "2026-06-21 20:00:00",
        "wbgt": 27.53,
        "risk_level": "low"
      }
    },
    {
      "type": "Feature",
      "geometry": {
        "type": "Point",
        "coordinates": [
          -112.03050469269743,
          33.50636523296397
        ]
      },
      "properties": {
        "timestamp": "2026-06-21 21:00:00",
        "wbgt": 31.22,
        "risk_level": "low"
      }
    },
    {
      "type": "Feature",
      "geometry": {
        "type": "Point",
        "coordinates": [
          -111.94003560547527,
          33.4125779713328
        ]
      },
      "properties": {
        "timestamp": "2026-06-21 22:00:00",
        "wbgt": 26.03,
        "risk_level": "low"
      }
    },
    {
      "type": "Feature",
      "geometry": {
        "type": "Point",
        "coordinates": [
          -112.02845725091784,
          33.46160870020291
        ]
      },
      "properties": {
        "timestamp": "2026-06-21 23:00:00",
        "wbgt": 30.19,
        "risk_level": "low"
      }
    },
    {
      "type": "Feature",
      "geometry": {
        "type": "Point",
        "coordinates": [
          -111.92784005353182,
          33.45724775121785
        ]
      },
      "properties": {
        "timestamp": "2026-06-22 00:00:00",
        "wbgt": 29.29,
        "risk_level": "low"
      }
    },
    {
      "type": "Feature",
      "geometry": {
        "type": "Point",
        "coordinates": [
          -111.9171048549552,
          33.55441433733923
        ]
      },
      "properties": {
        "timestamp": "2026-06-22 01:00:00",
        "wbgt": 27.89,
        "risk_level": "low"
      }
    },
    {
      "type": "Feature",
      "geometry": {
        "type": "Point",
        "coordinates": [
          -112.0732846433447,
          33.551989194084655
        ]
      },
      "properties": {
        "timestamp": "2026-06-22 02:00:00",
        "wbgt": 29.01,
        "risk_level": "low"
      }
    },
    {
      "type": "Feature",
      "geometry": {
        "type": "Point",
        "coordinates": [
          -112.0868059015781,
          33.54980414080411
        ]
      },
      "properties": {
        "timestamp": "2026-06-22 03:00:00",
        "wbgt": 26.1,
        "risk_level": "low"
      }
    },
    {
      "type": "Feature",
      "geometry": {
        "type": "Point",
        "coordinates": [
          -111.91910365380926,
          33.303309484278735
        ]
      },
      "properties": {
        "timestamp": "2026-06-22 04:00:00",
        "wbgt": 27.7,
        "risk_level": "low"
      }
    },
    {
      "type": "Feature",
      "geometry": {
        "type": "Point",
        "coordinates": [
          -111.9974579816551,
          33.524863645340666
        ]
      },
      "properties": {
        "timestamp": "2026-06-22 05:00:00",
        "wbgt": 27.79,
        "risk_level": "low"
      }
    },
    {
      "type": "Feature",
      "geometry": {
        "type": "Point",
        "coordinates": [
          -112.16519319559556,
          33.5276029170333
        ]
      },
      "properties": {
        "timestamp": "2026-06-22 06:00:00",
        "wbgt": 27.51,
        "risk_level": "low"
      }
    },
    {
      "type": "Feature",
      "geometry": {
        "type": "Point",
        "coordinates": [
          -112.1873124752332,
          33.50351364685654
        ]
      },
      "properties": {
        "timestamp": "2026-06-22 07:00:00",
        "wbgt": 31.04,
        "risk_level": "low"
      }
    },
    {
      "type": "Feature",
      "geometry": {
        "type": "Point",
        "coordinates": [
          -112.03061128470084,
          33.52687939736744
        ]
      },
      "properties": {
        "timestamp": "2026-06-22 08:00:00",
        "wbgt": 31.22,
        "risk_level": "low"
      }
    },
    {
      "type": "Feature",
      "geometry": {
        "type": "Point",
        "coordinates": [
          -111.92094871036848,
          33.55259111144901
        ]
      },
      "properties": {
        "timestamp": "2026-06-22 09:00:00",
        "wbgt": 35.34,
        "risk_level": "moderate"
      }
    },
    {
      "type": "Feature",
      "geometry": {
        "type": "Point",
        "coordinates": [
          -111.94672538927826,
          33.441095716230535
        ]
      },
      "properties": {
        "timestamp": "2026-06-22 10:00:00",
        "wbgt": 40.32,
        "risk_level": "moderate"
      }
    },
    {
      "type": "Feature",
      "geometry": {
        "type": "Point",
        "coordinates": [
          -111.9972456760607,
          33.45061506404653
        ]
      },
      "properties": {
        "timestamp": "2026-06-22 11:00:00",
        "wbgt": 45.23,
        "risk_level": "high"
      }
    },
    {
      "type": "Feature",
      "geometry": {
        "type": "Point",
        "coordinates": [
          -112.15826524533269,
          33.337414217073416
        ]
      },
      "properties": {
        "timestamp": "2026-06-22 12:00:00",
        "wbgt": 43.59,
        "risk_level": "high"
      }
    },
    {
      "type": "Feature",
      "geometry": {
        "type": "Point",
        "coordinates": [
          -112.1237305848754,
          33.41561276491421
        ]
      },
      "properties": {
        "timestamp": "2026-06-22 13:00:00",
        "wbgt": 40.37,
        "risk_level": "moderate"
      }
    },
    {
      "type": "Feature",
      "geometry": {
        "type": "Point",
        "coordinates": [
          -111.93734663203422,
          33.493009553973536
        ]
      },
      "properties": {
        "timestamp": "2026-06-22 14:00:00",
        "wbgt": 38.62,
        "risk_level": "moderate"
      }
    },
    {
      "type": "Feature",
      "geometry": {
        "type": "Point",
        "coordinates": [
          -112.14515782900294,
          33.534119932844185
        ]
      },
      "properties": {
        "timestamp": "2026-06-22 15:00:00",
        "wbgt": 37.74,
        "risk_level": "moderate"
      }
    },
    {
      "type": "Feature",
      "geometry": {
        "type": "Point",
        "coordinates": [
          -112.11646817752488,
          33.365162729307364
        ]
      },
      "properties": {
        "timestamp": "2026-06-22 16:00:00",
        "wbgt": 28.59,
        "risk_level": "low"
      }
    },
    {
      "type": "Feature",
      "geometry": {
        "type": "Point",
        "coordinates": [
          -112.16111980464136,
          33.34134686974777
        ]
      },
      "properties": {
        "timestamp": "2026-06-22 17:00:00",
        "wbgt": 30.89,
        "risk_level": "low"
      }
    },
    {
      "type": "Feature",
      "geometry": {
        "type": "Point",
        "coordinates": [
          -111.99716753057568,
          33.49891260135015
        ]
      },
      "properties": {
        "timestamp": "2026-06-22 18:00:00",
        "wbgt": 26.53,
        "risk_level": "low"
      }
    },
    {
      "type": "Feature",
      "geometry": {
        "type": "Point",
        "coordinates": [
          -111.91680530839103,
          33.30056396505747
        ]
      },
      "properties": {
        "timestamp": "2026-06-22 19:00:00",
        "wbgt": 31.58,
        "risk_level": "low"
      }
    },
    {
      "type": "Feature",
      "geometry": {
        "type": "Point",
        "coordinates": [
          -112.11930959052138,
          33.3535117752922
        ]
      },
      "properties": {
        "timestamp": "2026-06-22 20:00:00",
        "wbgt": 27.1,
        "risk_level": "low"
      }
    },
    {
      "type": "Feature",
      "geometry": {
        "type": "Point",
        "coordinates": [
          -112.05737801764498,
          33.30872141410318
        ]
      },
      "properties": {
        "timestamp": "2026-06-22 21:00:00",
        "wbgt": 25.99,
        "risk_level": "low"
      }
    },
    {
      "type": "Feature",
      "geometry": {
        "type": "Point",
        "coordinates": [
          -112.00969807808664,
          33.35006553535646
        ]
      },
      "properties": {
        "timestamp": "2026-06-22 22:00:00",
        "wbgt": 26.19,
        "risk_level": "low"
      }
    },
    {
      "type": "Feature",
      "geometry": {
        "type": "Point",
        "coordinates": [
          -111.90016012553532,
          33.35439578397765
        ]
      },
      "properties": {
        "timestamp": "2026-06-22 23:00:00",
        "wbgt": 29.15,
        "risk_level": "low"
      }
    },
    {
      "type": "Feature",
      "geometry": {
        "type": "Point",
        "coordinates": [
          -112.16855758050072,
          33.41630207842512
        ]
      },
      "properties": {
        "timestamp": "2026-06-23 00:00:00",
        "wbgt": 29.55,
        "risk_level": "low"
      }
    },
    {
      "type": "Feature",
      "geometry": {
        "type": "Point",
        "coordinates": [
          -112.0504287601483,
          33.420698137405964
        ]
      },
      "properties": {
        "timestamp": "2026-06-23 01:00:00",
        "wbgt": 25.7,
        "risk_level": "low"
      }
    },
    {
      "type": "Feature",
      "geometry": {
        "type": "Point",
        "coordinates": [
          -112.08446396402924,
          33.56227874118307
        ]
      },
      "properties": {
        "timestamp": "2026-06-23 02:00:00",
        "wbgt": 28.99,
        "risk_level": "low"
      }
    },
    {
      "type": "Feature",
      "geometry": {
        "type": "Point",
        "coordinates": [
          -111.9402539504333,
          33.453032913749645
        ]
      },
      "properties": {
        "timestamp": "2026-06-23 03:00:00",
        "wbgt": 27.24,
        "risk_level": "low"
      }
    },
    {
      "type": "Feature",
      "geometry": {
        "type": "Point",
        "coordinates": [
          -112.0572096806965,
          33.51702142968369
        ]
      },
      "properties": {
        "timestamp": "2026-06-23 04:00:00",
        "wbgt": 27.88,
        "risk_level": "low"
      }
    },
    {
      "type": "Feature",
      "geometry": {
        "type": "Point",
        "coordinates": [
          -112.16670674262446,
          33.33124120737608
        ]
      },
      "properties": {
        "timestamp": "2026-06-23 05:00:00",
        "wbgt": 25.2,
        "risk_level": "low"
      }
    },
    {
      "type": "Feature",
      "geometry": {
        "type": "Point",
        "coordinates": [
          -112.00967275641403,
          33.36763162663911
        ]
      },
      "properties": {
        "timestamp": "2026-06-23 06:00:00",
        "wbgt": 28.42,
        "risk_level": "low"
      }
    },
    {
      "type": "Feature",
      "geometry": {
        "type": "Point",
        "coordinates": [
          -111.96876581452084,
          33.510883032293606
        ]
      },
      "properties": {
        "timestamp": "2026-06-23 07:00:00",
        "wbgt": 32.89,
        "risk_level": "low"
      }
    },
    {
      "type": "Feature",
      "geometry": {
        "type": "Point",
        "coordinates": [
          -112.19913562450031,
          33.31584118814055
        ]
      },
      "properties": {
        "timestamp": "2026-06-23 08:00:00",
        "wbgt": 29.4,
        "risk_level": "low"
      }
    },
    {
      "type": "Feature",
      "geometry": {
        "type": "Point",
        "coordinates": [
          -111.94231299437382,
          33.44597929867312
        ]
      },
      "properties": {
        "timestamp": "2026-06-23 09:00:00",
        "wbgt": 38.02,
        "risk_level": "moderate"
      }
    },
    {
      "type": "Feature",
      "geometry": {
        "type": "Point",
        "coordinates": [
          -112.1441930999983,
          33.47981068969888
        ]
      },
      "properties": {
        "timestamp": "2026-06-23 10:00:00",
        "wbgt": 42.9,
        "risk_level": "high"
      }
    },
    {
      "type": "Feature",
      "geometry": {
        "type": "Point",
        "coordinates": [
          -112.034379190604,
          33.48064369321575
        ]
      },
      "properties": {
        "timestamp": "2026-06-23 11:00:00",
        "wbgt": 37.83,
        "risk_level": "moderate"
      }
    },
    {
      "type": "Feature",
      "geometry": {
        "type": "Point",
        "coordinates": [
          -112.07526074979376,
          33.30687984338041
        ]
      },
      "properties": {
        "timestamp": "2026-06-23 12:00:00",
        "wbgt": 47.14,
        "risk_level": "high"
      }
    },
    {
      "type": "Feature",
      "geometry": {
        "type": "Point",
        "coordinates": [
          -111.98410385501684,
          33.396632401268754
        ]
      },
      "properties": {
        "timestamp": "2026-06-23 13:00:00",
        "wbgt": 40.58,
        "risk_level": "moderate"
      }
    },
    {
      "type": "Feature",
      "geometry": {
        "type": "Point",
        "coordinates": [
          -112.08865151556428,
          33.490947195314746
        ]
      },
      "properties": {
        "timestamp": "2026-06-23 14:00:00",
        "wbgt": 42.01,
        "risk_level": "high"
      }
    },
    {
      "type": "Feature",
      "geometry": {
        "type": "Point",
        "coordinates": [
          -111.9390710469955,
          33.34469992084477
        ]
      },
      "properties": {
        "timestamp": "2026-06-23 15:00:00",
        "wbgt": 40.91,
        "risk_level": "moderate"
      }
    },
    {
      "type": "Feature",
      "geometry": {
        "type": "Point",
        "coordinates": [
          -111.98085109171237,
          33.508624694498415
        ]
      },
      "properties": {
        "timestamp": "2026-06-23 16:00:00",
        "wbgt": 28.13,
        "risk_level": "low"
      }
    },
    {
      "type": "Feature",
      "geometry": {
        "type": "Point",
        "coordinates": [
          -112.00568604868111,
          33.5237775626441
        ]
      },
      "properties": {
        "timestamp": "2026-06-23 17:00:00",
        "wbgt": 28.06,
        "risk_level": "low"
      }
    },
    {
      "type": "Feature",
      "geometry": {
        "type": "Point",
        "coordinates": [
          -111.96112782133116,
          33.594590757133844
        ]
      },
      "properties": {
        "timestamp": "2026-06-23 18:00:00",
        "wbgt": 28.68,
        "risk_level": "low"
      }
    },
    {
      "type": "Feature",
      "geometry": {
        "type": "Point",
        "coordinates": [
          -111.9737930895215,
          33.36295259845692
        ]
      },
      "properties": {
        "timestamp": "2026-06-23 19:00:00",
        "wbgt": 26.44,
        "risk_level": "low"
      }
    },
    {
      "type": "Feature",
      "geometry": {
        "type": "Point",
        "coordinates": [
          -112.18921839752352,
          33.54753920029984
        ]
      },
      "properties": {
        "timestamp": "2026-06-23 20:00:00",
        "wbgt": 28.21,
        "risk_level": "low"
      }
    },
    {
      "type": "Feature",
      "geometry": {
        "type": "Point",
        "coordinates": [
          -112.08157969384656,
          33.456088973075595
        ]
      },
      "properties": {
        "timestamp": "2026-06-23 21:00:00",
        "wbgt": 29.56,
        "risk_level": "low"
      }
    },
    {
      "type": "Feature",
      "geometry": {
        "type": "Point",
        "coordinates": [
          -111.92075781080506,
          33.412038778843254
        ]
      },
      "properties": {
        "timestamp": "2026-06-23 22:00:00",
        "wbgt": 29.88,
        "risk_level": "low"
      }
    },
    {
      "type": "Feature",
      "geometry": {
        "type": "Point",
        "coordinates": [
          -112.16228271930234,
          33.336713027197554
        ]
      },
      "properties": {
        "timestamp": "2026-06-23 23:00:00",
        "wbgt": 28.91,
        "risk_level": "low"
      }
    },
    {
      "type": "Feature",
      "geometry": {
        "type": "Point",
        "coordinates": [
          -111.9788710348704,
          33.52065168194626
        ]
      },
      "properties": {
        "timestamp": "2026-06-24 00:00:00",
        "wbgt": 31.93,
        "risk_level": "low"
      }
    },
    {
      "type": "Feature",
      "geometry": {
        "type": "Point",
        "coordinates": [
          -111.9076224565994,
          33.3707572797431
        ]
      },
      "properties": {
        "timestamp": "2026-06-24 01:00:00",
        "wbgt": 29.69,
        "risk_level": "low"
      }
    },
    {
      "type": "Feature",
      "geometry": {
        "type": "Point",
        "coordinates": [
          -112.18434041128651,
          33.41142660056191
        ]
      },
      "properties": {
        "timestamp": "2026-06-24 02:00:00",
        "wbgt": 27.73,
        "risk_level": "low"
      }
    },
    {
      "type": "Feature",
      "geometry": {
        "type": "Point",
        "coordinates": [
          -111.99534183581204,
          33.318762668069205
        ]
      },
      "properties": {
        "timestamp": "2026-06-24 03:00:00",
        "wbgt": 25.84,
        "risk_level": "low"
      }
    },
    {
      "type": "Feature",
      "geometry": {
        "type": "Point",
        "coordinates": [
          -112.05955375760968,
          33.54041007474586
        ]
      },
      "properties": {
        "timestamp": "2026-06-24 04:00:00",
        "wbgt": 27.5,
        "risk_level": "low"
      }
    },
    {
      "type": "Feature",
      "geometry": {
        "type": "Point",
        "coordinates": [
          -112.0262474233876,
          33.529976557191496
        ]
      },
      "properties": {
        "timestamp": "2026-06-24 05:00:00",
        "wbgt": 29.15,
        "risk_level": "low"
      }
    },
    {
      "type": "Feature",
      "geometry": {
        "type": "Point",
        "coordinates": [
          -112.1743975990547,
          33.520084749012696
        ]
      },
      "properties": {
        "timestamp": "2026-06-24 06:00:00",
        "wbgt": 27.99,
        "risk_level": "low"
      }
    },
    {
      "type": "Feature",
      "geometry": {
        "type": "Point",
        "coordinates": [
          -112.18709791443992,
          33.38983305314756
        ]
      },
      "properties": {
        "timestamp": "2026-06-24 07:00:00",
        "wbgt": 31.52,
        "risk_level": "low"
      }
    },
    {
      "type": "Feature",
      "geometry": {
        "type": "Point",
        "coordinates": [
          -111.99994000183472,
          33.352044022279784
        ]
      },
      "properties": {
        "timestamp": "2026-06-24 08:00:00",
        "wbgt": 31.22,
        "risk_level": "low"
      }
    },
    {
      "type": "Feature",
      "geometry": {
        "type": "Point",
        "coordinates": [
          -111.95300717105378,
          33.491265979341065
        ]
      },
      "properties": {
        "timestamp": "2026-06-24 09:00:00",
        "wbgt": 41.94,
        "risk_level": "high"
      }
    },
    {
      "type": "Feature",
      "geometry": {
        "type": "Point",
        "coordinates": [
          -111.96539539952012,
          33.448849915233964
        ]
      },
      "properties": {
        "timestamp": "2026-06-24 10:00:00",
        "wbgt": 43.08,
        "risk_level": "high"
      }
    },
    {
      "type": "Feature",
      "geometry": {
        "type": "Point",
        "coordinates": [
          -112.03685828164014,
          33.35347574007139
        ]
      },
      "properties": {
        "timestamp": "2026-06-24 11:00:00",
        "wbgt": 41.54,
        "risk_level": "high"
      }
    },
    {
      "type": "Feature",
      "geometry": {
        "type": "Point",
        "coordinates": [
          -112.17003995365916,
          33.50577338131496
        ]
      },
      "properties": {
        "timestamp": "2026-06-24 12:00:00",
        "wbgt": 47.74,
        "risk_level": "high"
      }
    },
    {
      "type": "Feature",
      "geometry": {
        "type": "Point",
        "coordinates": [
          -111.9935866668492,
          33.59733792954639
        ]
      },
      "properties": {
        "timestamp": "2026-06-24 13:00:00",
        "wbgt": 42.25,
        "risk_level": "high"
      }
    },
    {
      "type": "Feature",
      "geometry": {
        "type": "Point",
        "coordinates": [
          -112.12743333493376,
          33.52416587632261
        ]
      },
      "properties": {
        "timestamp": "2026-06-24 14:00:00",
        "wbgt": 38.7,
        "risk_level": "moderate"
      }
    },
    {
      "type": "Feature",
      "geometry": {
        "type": "Point",
        "coordinates": [
          -111.9266793891698,
          33.521995916005686
        ]
      },
      "properties": {
        "timestamp": "2026-06-24 15:00:00",
        "wbgt": 38.22,
        "risk_level": "moderate"
      }
    },
    {
      "type": "Feature",
      "geometry": {
        "type": "Point",
        "coordinates": [
          -111.94852039213627,
          33.58509382587918
        ]
      },
      "properties": {
        "timestamp": "2026-06-24 16:00:00",
        "wbgt": 32.74,
        "risk_level": "low"
      }
    },
    {
      "type": "Feature",
      "geometry": {
        "type": "Point",
        "coordinates": [
          -111.9871851098738,
          33.36088091027247
        ]
      },
      "properties": {
        "timestamp": "2026-06-24 17:00:00",
        "wbgt": 31.89,
        "risk_level": "low"
      }
    },
    {
      "type": "Feature",
      "geometry": {
        "type": "Point",
        "coordinates": [
          -111.91534621325069,
          33.469664989476435
        ]
      },
      "properties": {
        "timestamp": "2026-06-24 18:00:00",
        "wbgt": 25.38,
        "risk_level": "low"
      }
    },
    {
      "type": "Feature",
      "geometry": {
        "type": "Point",
        "coordinates": [
          -112.19057345354662,
          33.59389401451017
        ]
      },
      "properties": {
        "timestamp": "2026-06-24 19:00:00",
        "wbgt": 30.19,
        "risk_level": "low"
      }
    },
    {
      "type": "Feature",
      "geometry": {
        "type": "Point",
        "coordinates": [
          -111.97913987248178,
          33.34958823329105
        ]
      },
      "properties": {
        "timestamp": "2026-06-24 20:00:00",
        "wbgt": 28.64,
        "risk_level": "low"
      }
    },
    {
      "type": "Feature",
      "geometry": {
        "type": "Point",
        "coordinates": [
          -112.10092716619909,
          33.51007558783336
        ]
      },
      "properties": {
        "timestamp": "2026-06-24 21:00:00",
        "wbgt": 26.9,
        "risk_level": "low"
      }
    },
    {
      "type": "Feature",
      "geometry": {
        "type": "Point",
        "coordinates": [
          -111.92818023429408,
          33.47574304379157
        ]
      },
      "properties": {
        "timestamp": "2026-06-24 22:00:00",
        "wbgt": 27.74,
        "risk_level": "low"
      }
    },
    {
      "type": "Feature",
      "geometry": {
        "type": "Point",
        "coordinates": [
          -112.11999744100142,
          33.47594372765661
        ]
      },
      "properties": {
        "timestamp": "2026-06-24 23:00:00",
        "wbgt": 27.68,
        "risk_level": "low"
      }
    },
    {
      "type": "Feature",
      "geometry": {
        "type": "Point",
        "coordinates": [
          -111.98254305020548,
          33.509301188256025
        ]
      },
      "properties": {
        "timestamp": "2026-06-25 00:00:00",
        "wbgt": 30.51,
        "risk_level": "low"
      }
    },
    {
      "type": "Feature",
      "geometry": {
        "type": "Point",
        "coordinates": [
          -111.93670589410478,
          33.578885076862704
        ]
      },
      "properties": {
        "timestamp": "2026-06-25 01:00:00",
        "wbgt": 30.85,
        "risk_level": "low"
      }
    },
    {
      "type": "Feature",
      "geometry": {
        "type": "Point",
        "coordinates": [
          -112.1875029544852,
          33.5347745819554
        ]
      },
      "properties": {
        "timestamp": "2026-06-25 02:00:00",
        "wbgt": 25.62,
        "risk_level": "low"
      }
    },
    {
      "type": "Feature",
      "geometry": {
        "type": "Point",
        "coordinates": [
          -112.0807057261224,
          33.31684083102486
        ]
      },
      "properties": {
        "timestamp": "2026-06-25 03:00:00",
        "wbgt": 26.25,
        "risk_level": "low"
      }
    },
    {
      "type": "Feature",
      "geometry": {
        "type": "Point",
        "coordinates": [
          -111.97130729039344,
          33.55581840596271
        ]
      },
      "properties": {
        "timestamp": "2026-06-25 04:00:00",
        "wbgt": 26.27,
        "risk_level": "low"
      }
    },
    {
      "type": "Feature",
      "geometry": {
        "type": "Point",
        "coordinates": [
          -112.06352433314773,
          33.36766239897772
        ]
      },
      "properties": {
        "timestamp": "2026-06-25 05:00:00",
        "wbgt": 26.83,
        "risk_level": "low"
      }
    },
    {
      "type": "Feature",
      "geometry": {
        "type": "Point",
        "coordinates": [
          -112.11982421106192,
          33.41307424942091
        ]
      },
      "properties": {
        "timestamp": "2026-06-25 06:00:00",
        "wbgt": 26.27,
        "risk_level": "low"
      }
    },
    {
      "type": "Feature",
      "geometry": {
        "type": "Point",
        "coordinates": [
          -112.13405839535304,
          33.438519844083714
        ]
      },
      "properties": {
        "timestamp": "2026-06-25 07:00:00",
        "wbgt": 29.95,
        "risk_level": "low"
      }
    },
    {
      "type": "Feature",
      "geometry": {
        "type": "Point",
        "coordinates": [
          -112.1605445199251,
          33.44427180022592
        ]
      },
      "properties": {
        "timestamp": "2026-06-25 08:00:00",
        "wbgt": 36.9,
        "risk_level": "moderate"
      }
    },
    {
      "type": "Feature",
      "geometry": {
        "type": "Point",
        "coordinates": [
          -111.94286113204312,
          33.43055411977661
        ]
      },
      "properties": {
        "timestamp": "2026-06-25 09:00:00",
        "wbgt": 38.58,
        "risk_level": "moderate"
      }
    },
    {
      "type": "Feature",
      "geometry": {
        "type": "Point",
        "coordinates": [
          -112.02739337902452,
          33.58120598826476
        ]
      },
      "properties": {
        "timestamp": "2026-06-25 10:00:00",
        "wbgt": 35.9,
        "risk_level": "moderate"
      }
    },
    {
      "type": "Feature",
      "geometry": {
        "type": "Point",
        "coordinates": [
          -112.17708451650256,
          33.511805702299206
        ]
      },
      "properties": {
        "timestamp": "2026-06-25 11:00:00",
        "wbgt": 34.5,
        "risk_level": "low"
      }
    },
    {
      "type": "Feature",
      "geometry": {
        "type": "Point",
        "coordinates": [
          -112.0852259029288,
          33.48935119378701
        ]
      },
      "properties": {
        "timestamp": "2026-06-25 12:00:00",
        "wbgt": 41.47,
        "risk_level": "moderate"
      }
    },
    {
      "type": "Feature",
      "geometry": {
        "type": "Point",
        "coordinates": [
          -112.08967990475848,
          33.31495260833488
        ]
      },
      "properties": {
        "timestamp": "2026-06-25 13:00:00",
        "wbgt": 33.05,
        "risk_level": "low"
      }
    },
    {
      "type": "Feature",
      "geometry": {
        "type": "Point",
        "coordinates": [
          -112.14547824278716,
          33.57117399907811
        ]
      },
      "properties": {
        "timestamp": "2026-06-25 14:00:00",
        "wbgt": 42.94,
        "risk_level": "high"
      }
    },
    {
      "type": "Feature",
      "geometry": {
        "type": "Point",
        "coordinates": [
          -112.06934771235836,
          33.57281705760252
        ]
      },
      "properties": {
        "timestamp": "2026-06-25 15:00:00",
        "wbgt": 34.73,
        "risk_level": "low"
      }
    },
    {
      "type": "Feature",
      "geometry": {
        "type": "Point",
        "coordinates": [
          -112.10037019038208,
          33.53406391902903
        ]
      },
      "properties": {
        "timestamp": "2026-06-25 16:00:00",
        "wbgt": 33.4,
        "risk_level": "low"
      }
    },
    {
      "type": "Feature",
      "geometry": {
        "type": "Point",
        "coordinates": [
          -112.09745888835236,
          33.30210876114408
        ]
      },
      "properties": {
        "timestamp": "2026-06-25 17:00:00",
        "wbgt": 30.46,
        "risk_level": "low"
      }
    },
    {
      "type": "Feature",
      "geometry": {
        "type": "Point",
        "coordinates": [
          -111.97829203266362,
          33.31718407532328
        ]
      },
      "properties": {
        "timestamp": "2026-06-25 18:00:00",
        "wbgt": 27.22,
        "risk_level": "low"
      }
    },
    {
      "type": "Feature",
      "geometry": {
        "type": "Point",
        "coordinates": [
          -112.13302098434843,
          33.36756711068055
        ]
      },
      "properties": {
        "timestamp": "2026-06-25 19:00:00",
        "wbgt": 27.79,
        "risk_level": "low"
      }
    },
    {
      "type": "Feature",
      "geometry": {
        "type": "Point",
        "coordinates": [
          -112.0074420123434,
          33.33940482244347
        ]
      },
      "properties": {
        "timestamp": "2026-06-25 20:00:00",
        "wbgt": 28.74,
        "risk_level": "low"
      }
    },
    {
      "type": "Feature",
      "geometry": {
        "type": "Point",
        "coordinates": [
          -112.02880511283573,
          33.419650808911115
        ]
      },
      "properties": {
        "timestamp": "2026-06-25 21:00:00",
        "wbgt": 27.71,
        "risk_level": "low"
      }
    },
    {
      "type": "Feature",
      "geometry": {
        "type": "Point",
        "coordinates": [
          -112.02957224629864,
          33.57678691742634
        ]
      },
      "properties": {
        "timestamp": "2026-06-25 22:00:00",
        "wbgt": 25.28,
        "risk_level": "low"
      }
    },
    {
      "type": "Feature",
      "geometry": {
        "type": "Point",
        "coordinates": [
          -112.00109779615748,
          33.4416181302591
        ]
      },
      "properties": {
        "timestamp": "2026-06-25 23:00:00",
        "wbgt": 28.62,
        "risk_level": "low"
      }
    },
    {
      "type": "Feature",
      "geometry": {
        "type": "Point",
        "coordinates": [
          -112.03548538914131,
          33.304020787929645
        ]
      },
      "properties": {
        "timestamp": "2026-06-26 00:00:00",
        "wbgt": 29.73,
        "risk_level": "low"
      }
    },
    {
      "type": "Feature",
      "geometry": {
        "type": "Point",
        "coordinates": [
          -111.93622346554608,
          33.384823706873625
        ]
      },
      "properties": {
        "timestamp": "2026-06-26 01:00:00",
        "wbgt": 29.08,
        "risk_level": "low"
      }
    },
    {
      "type": "Feature",
      "geometry": {
        "type": "Point",
        "coordinates": [
          -111.99732597241491,
          33.313378472511886
        ]
      },
      "properties": {
        "timestamp": "2026-06-26 02:00:00",
        "wbgt": 28.69,
        "risk_level": "low"
      }
    },
    {
      "type": "Feature",
      "geometry": {
        "type": "Point",
        "coordinates": [
          -112.0359110245886,
          33.31088628678405
        ]
      },
      "properties": {
        "timestamp": "2026-06-26 03:00:00",
        "wbgt": 29.33,
        "risk_level": "low"
      }
    },
    {
      "type": "Feature",
      "geometry": {
        "type": "Point",
        "coordinates": [
          -111.95107106391372,
          33.38271595592867
        ]
      },
      "properties": {
        "timestamp": "2026-06-26 04:00:00",
        "wbgt": 29.45,
        "risk_level": "low"
      }
    },
    {
      "type": "Feature",
      "geometry": {
        "type": "Point",
        "coordinates": [
          -112.01815603051996,
          33.38268370160368
        ]
      },
      "properties": {
        "timestamp": "2026-06-26 05:00:00",
        "wbgt": 31.75,
        "risk_level": "low"
      }
    },
    {
      "type": "Feature",
      "geometry": {
        "type": "Point",
        "coordinates": [
          -112.11265672566444,
          33.53613798078048
        ]
      },
      "properties": {
        "timestamp": "2026-06-26 06:00:00",
        "wbgt": 26.83,
        "risk_level": "low"
      }
    },
    {
      "type": "Feature",
      "geometry": {
        "type": "Point",
        "coordinates": [
          -112.13787152454704,
          33.592450395834334
        ]
      },
      "properties": {
        "timestamp": "2026-06-26 07:00:00",
        "wbgt": 29.01,
        "risk_level": "low"
      }
    },
    {
      "type": "Feature",
      "geometry": {
        "type": "Point",
        "coordinates": [
          -112.1543016643012,
          33.411362128167
        ]
      },
      "properties": {
        "timestamp": "2026-06-26 08:00:00",
        "wbgt": 31.43,
        "risk_level": "low"
      }
    },
    {
      "type": "Feature",
      "geometry": {
        "type": "Point",
        "coordinates": [
          -111.93016343623616,
          33.42866606365831
        ]
      },
      "properties": {
        "timestamp": "2026-06-26 09:00:00",
        "wbgt": 42.0,
        "risk_level": "high"
      }
    },
    {
      "type": "Feature",
      "geometry": {
        "type": "Point",
        "coordinates": [
          -111.98695937046058,
          33.55343683088581
        ]
      },
      "properties": {
        "timestamp": "2026-06-26 10:00:00",
        "wbgt": 38.87,
        "risk_level": "moderate"
      }
    },
    {
      "type": "Feature",
      "geometry": {
        "type": "Point",
        "coordinates": [
          -111.9187864685507,
          33.380441706028655
        ]
      },
      "properties": {
        "timestamp": "2026-06-26 11:00:00",
        "wbgt": 44.03,
        "risk_level": "high"
      }
    },
    {
      "type": "Feature",
      "geometry": {
        "type": "Point",
        "coordinates": [
          -112.01901245828552,
          33.346914541321034
        ]
      },
      "properties": {
        "timestamp": "2026-06-26 12:00:00",
        "wbgt": 40.34,
        "risk_level": "moderate"
      }
    },
    {
      "type": "Feature",
      "geometry": {
        "type": "Point",
        "coordinates": [
          -112.05797973555153,
          33.555926887021094
        ]
      },
      "properties": {
        "timestamp": "2026-06-26 13:00:00",
        "wbgt": 41.66,
        "risk_level": "high"
      }
    },
    {
      "type": "Feature",
      "geometry": {
        "type": "Point",
        "coordinates": [
          -112.18208505330874,
          33.313950175932014
        ]
      },
      "properties": {
        "timestamp": "2026-06-26 14:00:00",
        "wbgt": 46.45,
        "risk_level": "high"
      }
    },
    {
      "type": "Feature",
      "geometry": {
        "type": "Point",
        "coordinates": [
          -111.9985073155362,
          33.485909832059825
        ]
      },
      "properties": {
        "timestamp": "2026-06-26 15:00:00",
        "wbgt": 35.47,
        "risk_level": "moderate"
      }
    },
    {
      "type": "Feature",
      "geometry": {
        "type": "Point",
        "coordinates": [
          -112.02533737206952,
          33.468597854240045
        ]
      },
      "properties": {
        "timestamp": "2026-06-26 16:00:00",
        "wbgt": 36.65,
        "risk_level": "moderate"
      }
    },
    {
      "type": "Feature",
      "geometry": {
        "type": "Point",
        "coordinates": [
          -111.90293733192372,
          33.403776134250506
        ]
      },
      "properties": {
        "timestamp": "2026-06-26 17:00:00",
        "wbgt": 28.98,
        "risk_level": "low"
      }
    },
    {
      "type": "Feature",
      "geometry": {
        "type": "Point",
        "coordinates": [
          -112.12825236666534,
          33.3945568563292
        ]
      },
      "properties": {
        "timestamp": "2026-06-26 18:00:00",
        "wbgt": 30.96,
        "risk_level": "low"
      }
    },
    {
      "type": "Feature",
      "geometry": {
        "type": "Point",
        "coordinates": [
          -112.04077879341396,
          33.531557317854485
        ]
      },
      "properties": {
        "timestamp": "2026-06-26 19:00:00",
        "wbgt": 29.4,
        "risk_level": "low"
      }
    },
    {
      "type": "Feature",
      "geometry": {
        "type": "Point",
        "coordinates": [
          -112.00471279946458,
          33.32592738322876
        ]
      },
      "properties": {
        "timestamp": "2026-06-26 20:00:00",
        "wbgt": 24.76,
        "risk_level": "low"
      }
    },
    {
      "type": "Feature",
      "geometry": {
        "type": "Point",
        "coordinates": [
          -112.0066226475773,
          33.371035292793415
        ]
      },
      "properties": {
        "timestamp": "2026-06-26 21:00:00",
        "wbgt": 29.4,
        "risk_level": "low"
      }
    },
    {
      "type": "Feature",
      "geometry": {
        "type": "Point",
        "coordinates": [
          -112.03161193711549,
          33.51973461955143
        ]
      },
      "properties": {
        "timestamp": "2026-06-26 22:00:00",
        "wbgt": 33.79,
        "risk_level": "low"
      }
    },
    {
      "type": "Feature",
      "geometry": {
        "type": "Point",
        "coordinates": [
          -111.96692159690184,
          33.46449617511793
        ]
      },
      "properties": {
        "timestamp": "2026-06-26 23:00:00",
        "wbgt": 26.98,
        "risk_level": "low"
      }
    },
    {
      "type": "Feature",
      "geometry": {
        "type": "Point",
        "coordinates": [
          -112.13850563714196,
          33.33839646256008
        ]
      },
      "properties": {
        "timestamp": "2026-06-27 00:00:00",
        "wbgt": 30.6,
        "risk_level": "low"
      }
    },
    {
      "type": "Feature",
      "geometry": {
        "type": "Point",
        "coordinates": [
          -111.98231183991768,
          33.56464068428462
        ]
      },
      "properties": {
        "timestamp": "2026-06-27 01:00:00",
        "wbgt": 29.07,
        "risk_level": "low"
      }
    },
    {
      "type": "Feature",
      "geometry": {
        "type": "Point",
        "coordinates": [
          -112.01407962857007,
          33.41803435396908
        ]
      },
      "properties": {
        "timestamp": "2026-06-27 02:00:00",
        "wbgt": 28.37,
        "risk_level": "low"
      }
    },
    {
      "type": "Feature",
      "geometry": {
        "type": "Point",
        "coordinates": [
          -111.93117746646163,
          33.54836051259665
        ]
      },
      "properties": {
        "timestamp": "2026-06-27 03:00:00",
        "wbgt": 27.63,
        "risk_level": "low"
      }
    },
    {
      "type": "Feature",
      "geometry": {
        "type": "Point",
        "coordinates": [
          -111.94584166828992,
          33.536313904658314
        ]
      },
      "properties": {
        "timestamp": "2026-06-27 04:00:00",
        "wbgt": 26.49,
        "risk_level": "low"
      }
    },
    {
      "type": "Feature",
      "geometry": {
        "type": "Point",
        "coordinates": [
          -112.10545588826024,
          33.48732763394152
        ]
      },
      "properties": {
        "timestamp": "2026-06-27 05:00:00",
        "wbgt": 26.91,
        "risk_level": "low"
      }
    },
    {
      "type": "Feature",
      "geometry": {
        "type": "Point",
        "coordinates": [
          -112.11712880250744,
          33.44834433938853
        ]
      },
      "properties": {
        "timestamp": "2026-06-27 06:00:00",
        "wbgt": 26.38,
        "risk_level": "low"
      }
    },
    {
      "type": "Feature",
      "geometry": {
        "type": "Point",
        "coordinates": [
          -111.90550400284428,
          33.593865252114526
        ]
      },
      "properties": {
        "timestamp": "2026-06-27 07:00:00",
        "wbgt": 32.39,
        "risk_level": "low"
      }
    },
    {
      "type": "Feature",
      "geometry": {
        "type": "Point",
        "coordinates": [
          -112.04182044572542,
          33.34348952171394
        ]
      },
      "properties": {
        "timestamp": "2026-06-27 08:00:00",
        "wbgt": 37.02,
        "risk_level": "moderate"
      }
    },
    {
      "type": "Feature",
      "geometry": {
        "type": "Point",
        "coordinates": [
          -111.92807371082569,
          33.517546718265336
        ]
      },
      "properties": {
        "timestamp": "2026-06-27 09:00:00",
        "wbgt": 31.58,
        "risk_level": "low"
      }
    },
    {
      "type": "Feature",
      "geometry": {
        "type": "Point",
        "coordinates": [
          -112.15083569286584,
          33.35735721043943
        ]
      },
      "properties": {
        "timestamp": "2026-06-27 10:00:00",
        "wbgt": 38.58,
        "risk_level": "moderate"
      }
    },
    {
      "type": "Feature",
      "geometry": {
        "type": "Point",
        "coordinates": [
          -112.00715432555997,
          33.401478931599705
        ]
      },
      "properties": {
        "timestamp": "2026-06-27 11:00:00",
        "wbgt": 32.53,
        "risk_level": "low"
      }
    },
    {
      "type": "Feature",
      "geometry": {
        "type": "Point",
        "coordinates": [
          -111.95704194379184,
          33.39260962301196
        ]
      },
      "properties": {
        "timestamp": "2026-06-27 12:00:00",
        "wbgt": 37.89,
        "risk_level": "moderate"
      }
    },
    {
      "type": "Feature",
      "geometry": {
        "type": "Point",
        "coordinates": [
          -111.91578142512408,
          33.58411079632162
        ]
      },
      "properties": {
        "timestamp": "2026-06-27 13:00:00",
        "wbgt": 38.79,
        "risk_level": "moderate"
      }
    },
    {
      "type": "Feature",
      "geometry": {
        "type": "Point",
        "coordinates": [
          -112.0987979576949,
          33.59020685333648
        ]
      },
      "properties": {
        "timestamp": "2026-06-27 14:00:00",
        "wbgt": 36.02,
        "risk_level": "moderate"
      }
    },
    {
      "type": "Feature",
      "geometry": {
        "type": "Point",
        "coordinates": [
          -111.98250564902278,
          33.354904633270415
        ]
      },
      "properties": {
        "timestamp": "2026-06-27 15:00:00",
        "wbgt": 35.81,
        "risk_level": "moderate"
      }
    },
    {
      "type": "Feature",
      "geometry": {
        "type": "Point",
        "coordinates": [
          -112.03835609728812,
          33.306610548089246
        ]
      },
      "properties": {
        "timestamp": "2026-06-27 16:00:00",
        "wbgt": 36.57,
        "risk_level": "moderate"
      }
    },
    {
      "type": "Feature",
      "geometry": {
        "type": "Point",
        "coordinates": [
          -112.18181132218008,
          33.51600241189893
        ]
      },
      "properties": {
        "timestamp": "2026-06-27 17:00:00",
        "wbgt": 34.11,
        "risk_level": "low"
      }
    },
    {
      "type": "Feature",
      "geometry": {
        "type": "Point",
        "coordinates": [
          -111.99300007880731,
          33.425396980161146
        ]
      },
      "properties": {
        "timestamp": "2026-06-27 18:00:00",
        "wbgt": 30.32,
        "risk_level": "low"
      }
    },
    {
      "type": "Feature",
      "geometry": {
        "type": "Point",
        "coordinates": [
          -111.99297103252866,
          33.32665207352627
        ]
      },
      "properties": {
        "timestamp": "2026-06-27 19:00:00",
        "wbgt": 28.36,
        "risk_level": "low"
      }
    },
    {
      "type": "Feature",
      "geometry": {
        "type": "Point",
        "coordinates": [
          -111.92081795854604,
          33.50512623167311
        ]
      },
      "properties": {
        "timestamp": "2026-06-27 20:00:00",
        "wbgt": 28.01,
        "risk_level": "low"
      }
    },
    {
      "type": "Feature",
      "geometry": {
        "type": "Point",
        "coordinates": [
          -112.05080626614932,
          33.46353165847821
        ]
      },
      "properties": {
        "timestamp": "2026-06-27 21:00:00",
        "wbgt": 29.31,
        "risk_level": "low"
      }
    },
    {
      "type": "Feature",
      "geometry": {
        "type": "Point",
        "coordinates": [
          -112.13092472378683,
          33.594155046600335
        ]
      },
      "properties": {
        "timestamp": "2026-06-27 22:00:00",
        "wbgt": 25.28,
        "risk_level": "low"
      }
    },
    {
      "type": "Feature",
      "geometry": {
        "type": "Point",
        "coordinates": [
          -112.1866308529654,
          33.368222848758414
        ]
      },
      "properties": {
        "timestamp": "2026-06-27 23:00:00",
        "wbgt": 25.82,
        "risk_level": "low"
      }
    },
    {
      "type": "Feature",
      "geometry": {
        "type": "Point",
        "coordinates": [
          -112.07530734399424,
          33.42119336289797
        ]
      },
      "properties": {
        "timestamp": "2026-06-28 00:00:00",
        "wbgt": 28.98,
        "risk_level": "low"
      }
    },
    {
      "type": "Feature",
      "geometry": {
        "type": "Point",
        "coordinates": [
          -112.10942498997676,
          33.46276374101863
        ]
      },
      "properties": {
        "timestamp": "2026-06-28 01:00:00",
        "wbgt": 26.45,
        "risk_level": "low"
      }
    },
    {
      "type": "Feature",
      "geometry": {
        "type": "Point",
        "coordinates": [
          -111.97167350819284,
          33.53750999653601
        ]
      },
      "properties": {
        "timestamp": "2026-06-28 02:00:00",
        "wbgt": 31.11,
        "risk_level": "low"
      }
    },
    {
      "type": "Feature",
      "geometry": {
        "type": "Point",
        "coordinates": [
          -112.09371967054769,
          33.464651597016015
        ]
      },
      "properties": {
        "timestamp": "2026-06-28 03:00:00",
        "wbgt": 30.95,
        "risk_level": "low"
      }
    },
    {
      "type": "Feature",
      "geometry": {
        "type": "Point",
        "coordinates": [
          -111.91527864110556,
          33.48387004825859
        ]
      },
      "properties": {
        "timestamp": "2026-06-28 04:00:00",
        "wbgt": 25.59,
        "risk_level": "low"
      }
    },
    {
      "type": "Feature",
      "geometry": {
        "type": "Point",
        "coordinates": [
          -111.91130693910368,
          33.36784411547698
        ]
      },
      "properties": {
        "timestamp": "2026-06-28 05:00:00",
        "wbgt": 25.52,
        "risk_level": "low"
      }
    },
    {
      "type": "Feature",
      "geometry": {
        "type": "Point",
        "coordinates": [
          -112.01372742293468,
          33.554075618426566
        ]
      },
      "properties": {
        "timestamp": "2026-06-28 06:00:00",
        "wbgt": 34.8,
        "risk_level": "low"
      }
    },
    {
      "type": "Feature",
      "geometry": {
        "type": "Point",
        "coordinates": [
          -111.92140191389554,
          33.42858916409114
        ]
      },
      "properties": {
        "timestamp": "2026-06-28 07:00:00",
        "wbgt": 31.8,
        "risk_level": "low"
      }
    },
    {
      "type": "Feature",
      "geometry": {
        "type": "Point",
        "coordinates": [
          -111.97174369664566,
          33.34228788825653
        ]
      },
      "properties": {
        "timestamp": "2026-06-28 08:00:00",
        "wbgt": 31.37,
        "risk_level": "low"
      }
    },
    {
      "type": "Feature",
      "geometry": {
        "type": "Point",
        "coordinates": [
          -112.03594210770748,
          33.499256374351624
        ]
      },
      "properties": {
        "timestamp": "2026-06-28 09:00:00",
        "wbgt": 37.41,
        "risk_level": "moderate"
      }
    },
    {
      "type": "Feature",
      "geometry": {
        "type": "Point",
        "coordinates": [
          -112.14590761937318,
          33.36482713595559
        ]
      },
      "properties": {
        "timestamp": "2026-06-28 10:00:00",
        "wbgt": 39.43,
        "risk_level": "moderate"
      }
    },
    {
      "type": "Feature",
      "geometry": {
        "type": "Point",
        "coordinates": [
          -112.06242061694586,
          33.32926875307179
        ]
      },
      "properties": {
        "timestamp": "2026-06-28 11:00:00",
        "wbgt": 39.49,
        "risk_level": "moderate"
      }
    },
    {
      "type": "Feature",
      "geometry": {
        "type": "Point",
        "coordinates": [
          -112.03173766099124,
          33.55859607252128
        ]
      },
      "properties": {
        "timestamp": "2026-06-28 12:00:00",
        "wbgt": 43.9,
        "risk_level": "high"
      }
    },
    {
      "type": "Feature",
      "geometry": {
        "type": "Point",
        "coordinates": [
          -111.94081152577952,
          33.43804867934653
        ]
      },
      "properties": {
        "timestamp": "2026-06-28 13:00:00",
        "wbgt": 40.35,
        "risk_level": "moderate"
      }
    },
    {
      "type": "Feature",
      "geometry": {
        "type": "Point",
        "coordinates": [
          -112.0555999870393,
          33.52478511380873
        ]
      },
      "properties": {
        "timestamp": "2026-06-28 14:00:00",
        "wbgt": 36.89,
        "risk_level": "moderate"
      }
    },
    {
      "type": "Feature",
      "geometry": {
        "type": "Point",
        "coordinates": [
          -111.93069759819662,
          33.3871762679419
        ]
      },
      "properties": {
        "timestamp": "2026-06-28 15:00:00",
        "wbgt": 38.03,
        "risk_level": "moderate"
      }
    },
    {
      "type": "Feature",
      "geometry": {
        "type": "Point",
        "coordinates": [
          -111.99769530629295,
          33.5360910404753
        ]
      },
      "properties": {
        "timestamp": "2026-06-28 16:00:00",
        "wbgt": 35.5,
        "risk_level": "moderate"
      }
    },
    {
      "type": "Feature",
      "geometry": {
        "type": "Point",
        "coordinates": [
          -112.1589002810839,
          33.33358077810646
        ]
      },
      "properties": {
        "timestamp": "2026-06-28 17:00:00",
        "wbgt": 28.21,
        "risk_level": "low"
      }
    },
    {
      "type": "Feature",
      "geometry": {
        "type": "Point",
        "coordinates": [
          -111.90150558920249,
          33.40679201213845
        ]
      },
      "properties": {
        "timestamp": "2026-06-28 18:00:00",
        "wbgt": 26.37,
        "risk_level": "low"
      }
    },
    {
      "type": "Feature",
      "geometry": {
        "type": "Point",
        "coordinates": [
          -112.04183020177383,
          33.59341854539206
        ]
      },
      "properties": {
        "timestamp": "2026-06-28 19:00:00",
        "wbgt": 28.22,
        "risk_level": "low"
      }
    },
    {
      "type": "Feature",
      "geometry": {
        "type": "Point",
        "coordinates": [
          -112.08244251107728,
          33.5381969149104
        ]
      },
      "properties": {
        "timestamp": "2026-06-28 20:00:00",
        "wbgt": 25.18,
        "risk_level": "low"
      }
    },
    {
      "type": "Feature",
      "geometry": {
        "type": "Point",
        "coordinates": [
          -112.00226587065914,
          33.44917677909441
        ]
      },
      "properties": {
        "timestamp": "2026-06-28 21:00:00",
        "wbgt": 30.45,
        "risk_level": "low"
      }
    },
    {
      "type": "Feature",
      "geometry": {
        "type": "Point",
        "coordinates": [
          -112.16733200580568,
          33.40193324146856
        ]
      },
      "properties": {
        "timestamp": "2026-06-28 22:00:00",
        "wbgt": 30.23,
        "risk_level": "low"
      }
    },
    {
      "type": "Feature",
      "geometry": {
        "type": "Point",
        "coordinates": [
          -112.009038405974,
          33.56164071000674
        ]
      },
      "properties": {
        "timestamp": "2026-06-28 23:00:00",
        "wbgt": 27.76,
        "risk_level": "low"
      }
    },
    {
      "type": "Feature",
      "geometry": {
        "type": "Point",
        "coordinates": [
          -112.05052919985022,
          33.46345432772535
        ]
      },
      "properties": {
        "timestamp": "2026-06-29 00:00:00",
        "wbgt": 29.63,
        "risk_level": "low"
      }
    },
    {
      "type": "Feature",
      "geometry": {
        "type": "Point",
        "coordinates": [
          -112.07799777900044,
          33.52752750536073
        ]
      },
      "properties": {
        "timestamp": "2026-06-29 01:00:00",
        "wbgt": 25.65,
        "risk_level": "low"
      }
    },
    {
      "type": "Feature",
      "geometry": {
        "type": "Point",
        "coordinates": [
          -111.91409399364632,
          33.52623230409485
        ]
      },
      "properties": {
        "timestamp": "2026-06-29 02:00:00",
        "wbgt": 25.71,
        "risk_level": "low"
      }
    },
    {
      "type": "Feature",
      "geometry": {
        "type": "Point",
        "coordinates": [
          -112.0432380849804,
          33.30538370357054
        ]
      },
      "properties": {
        "timestamp": "2026-06-29 03:00:00",
        "wbgt": 26.74,
        "risk_level": "low"
      }
    },
    {
      "type": "Feature",
      "geometry": {
        "type": "Point",
        "coordinates": [
          -112.13426475615904,
          33.337876134837785
        ]
      },
      "properties": {
        "timestamp": "2026-06-29 04:00:00",
        "wbgt": 26.56,
        "risk_level": "low"
      }
    },
    {
      "type": "Feature",
      "geometry": {
        "type": "Point",
        "coordinates": [
          -112.06231095618682,
          33.49788880991842
        ]
      },
      "properties": {
        "timestamp": "2026-06-29 05:00:00",
        "wbgt": 31.61,
        "risk_level": "low"
      }
    },
    {
      "type": "Feature",
      "geometry": {
        "type": "Point",
        "coordinates": [
          -111.9241837786282,
          33.34848594338576
        ]
      },
      "properties": {
        "timestamp": "2026-06-29 06:00:00",
        "wbgt": 31.86,
        "risk_level": "low"
      }
    },
    {
      "type": "Feature",
      "geometry": {
        "type": "Point",
        "coordinates": [
          -112.14717135860084,
          33.37664800339668
        ]
      },
      "properties": {
        "timestamp": "2026-06-29 07:00:00",
        "wbgt": 31.61,
        "risk_level": "low"
      }
    },
    {
      "type": "Feature",
      "geometry": {
        "type": "Point",
        "coordinates": [
          -112.13581288839352,
          33.58399138625988
        ]
      },
      "properties": {
        "timestamp": "2026-06-29 08:00:00",
        "wbgt": 35.52,
        "risk_level": "moderate"
      }
    },
    {
      "type": "Feature",
      "geometry": {
        "type": "Point",
        "coordinates": [
          -112.19609112967288,
          33.46805467751247
        ]
      },
      "properties": {
        "timestamp": "2026-06-29 09:00:00",
        "wbgt": 37.07,
        "risk_level": "moderate"
      }
    },
    {
      "type": "Feature",
      "geometry": {
        "type": "Point",
        "coordinates": [
          -112.19574298518128,
          33.525218852099805
        ]
      },
      "properties": {
        "timestamp": "2026-06-29 10:00:00",
        "wbgt": 36.4,
        "risk_level": "moderate"
      }
    },
    {
      "type": "Feature",
      "geometry": {
        "type": "Point",
        "coordinates": [
          -111.95118251191244,
          33.46739422163479
        ]
      },
      "properties": {
        "timestamp": "2026-06-29 11:00:00",
        "wbgt": 37.16,
        "risk_level": "moderate"
      }
    },
    {
      "type": "Feature",
      "geometry": {
        "type": "Point",
        "coordinates": [
          -111.98036321794712,
          33.46575408443482
        ]
      },
      "properties": {
        "timestamp": "2026-06-29 12:00:00",
        "wbgt": 37.92,
        "risk_level": "moderate"
      }
    },
    {
      "type": "Feature",
      "geometry": {
        "type": "Point",
        "coordinates": [
          -112.0934876830644,
          33.328245573037705
        ]
      },
      "properties": {
        "timestamp": "2026-06-29 13:00:00",
        "wbgt": 36.12,
        "risk_level": "moderate"
      }
    },
    {
      "type": "Feature",
      "geometry": {
        "type": "Point",
        "coordinates": [
          -111.99050665283173,
          33.40309895778273
        ]
      },
      "properties": {
        "timestamp": "2026-06-29 14:00:00",
        "wbgt": 42.24,
        "risk_level": "high"
      }
    },
    {
      "type": "Feature",
      "geometry": {
        "type": "Point",
        "coordinates": [
          -112.081438222107,
          33.384729269605955
        ]
      },
      "properties": {
        "timestamp": "2026-06-29 15:00:00",
        "wbgt": 31.92,
        "risk_level": "low"
      }
    },
    {
      "type": "Feature",
      "geometry": {
        "type": "Point",
        "coordinates": [
          -111.91413096120066,
          33.41721850968408
        ]
      },
      "properties": {
        "timestamp": "2026-06-29 16:00:00",
        "wbgt": 34.19,
        "risk_level": "low"
      }
    },
    {
      "type": "Feature",
      "geometry": {
        "type": "Point",
        "coordinates": [
          -111.9098841955722,
          33.5395032564673
        ]
      },
      "properties": {
        "timestamp": "2026-06-29 17:00:00",
        "wbgt": 31.88,
        "risk_level": "low"
      }
    },
    {
      "type": "Feature",
      "geometry": {
        "type": "Point",
        "coordinates": [
          -112.0821618672572,
          33.41157980037506
        ]
      },
      "properties": {
        "timestamp": "2026-06-29 18:00:00",
        "wbgt": 30.45,
        "risk_level": "low"
      }
    },
    {
      "type": "Feature",
      "geometry": {
        "type": "Point",
        "coordinates": [
          -111.94373342809774,
          33.43550904576951
        ]
      },
      "properties": {
        "timestamp": "2026-06-29 19:00:00",
        "wbgt": 27.48,
        "risk_level": "low"
      }
    },
    {
      "type": "Feature",
      "geometry": {
        "type": "Point",
        "coordinates": [
          -111.96807328749075,
          33.4192144171456
        ]
      },
      "properties": {
        "timestamp": "2026-06-29 20:00:00",
        "wbgt": 24.73,
        "risk_level": "low"
      }
    },
    {
      "type": "Feature",
      "geometry": {
        "type": "Point",
        "coordinates": [
          -112.10700001884848,
          33.32802239159258
        ]
      },
      "properties": {
        "timestamp": "2026-06-29 21:00:00",
        "wbgt": 25.82,
        "risk_level": "low"
      }
    },
    {
      "type": "Feature",
      "geometry": {
        "type": "Point",
        "coordinates": [
          -112.13038805132967,
          33.432321647475234
        ]
      },
      "properties": {
        "timestamp": "2026-06-29 22:00:00",
        "wbgt": 27.15,
        "risk_level": "low"
      }
    },
    {
      "type": "Feature",
      "geometry": {
        "type": "Point",
        "coordinates": [
          -112.06252960488216,
          33.35868278191335
        ]
      },
      "properties": {
        "timestamp": "2026-06-29 23:00:00",
        "wbgt": 25.93,
        "risk_level": "low"
      }
    },
    {
      "type": "Feature",
      "geometry": {
        "type": "Point",
        "coordinates": [
          -111.96559534781568,
          33.35601698873191
        ]
      },
      "properties": {
        "timestamp": "2026-06-30 00:00:00",
        "wbgt": 28.94,
        "risk_level": "low"
      }
    },
    {
      "type": "Feature",
      "geometry": {
        "type": "Point",
        "coordinates": [
          -111.9119496645814,
          33.328210831330274
        ]
      },
      "properties": {
        "timestamp": "2026-06-30 01:00:00",
        "wbgt": 24.76,
        "risk_level": "low"
      }
    },
    {
      "type": "Feature",
      "geometry": {
        "type": "Point",
        "coordinates": [
          -111.97092627934003,
          33.407001292242526
        ]
      },
      "properties": {
        "timestamp": "2026-06-30 02:00:00",
        "wbgt": 26.05,
        "risk_level": "low"
      }
    },
    {
      "type": "Feature",
      "geometry": {
        "type": "Point",
        "coordinates": [
          -111.94343790449447,
          33.527244565436824
        ]
      },
      "properties": {
        "timestamp": "2026-06-30 03:00:00",
        "wbgt": 29.59,
        "risk_level": "low"
      }
    },
    {
      "type": "Feature",
      "geometry": {
        "type": "Point",
        "coordinates": [
          -112.01908070814883,
          33.38293250717502
        ]
      },
      "properties": {
        "timestamp": "2026-06-30 04:00:00",
        "wbgt": 26.39,
        "risk_level": "low"
      }
    },
    {
      "type": "Feature",
      "geometry": {
        "type": "Point",
        "coordinates": [
          -111.94937765074737,
          33.39370473056565
        ]
      },
      "properties": {
        "timestamp": "2026-06-30 05:00:00",
        "wbgt": 28.32,
        "risk_level": "low"
      }
    },
    {
      "type": "Feature",
      "geometry": {
        "type": "Point",
        "coordinates": [
          -111.96467374259898,
          33.49280239730173
        ]
      },
      "properties": {
        "timestamp": "2026-06-30 06:00:00",
        "wbgt": 26.57,
        "risk_level": "low"
      }
    },
    {
      "type": "Feature",
      "geometry": {
        "type": "Point",
        "coordinates": [
          -112.08690433742213,
          33.358752243776074
        ]
      },
      "properties": {
        "timestamp": "2026-06-30 07:00:00",
        "wbgt": 32.19,
        "risk_level": "low"
      }
    },
    {
      "type": "Feature",
      "geometry": {
        "type": "Point",
        "coordinates": [
          -112.0344029093638,
          33.56908737912706
        ]
      },
      "properties": {
        "timestamp": "2026-06-30 08:00:00",
        "wbgt": 29.17,
        "risk_level": "low"
      }
    },
    {
      "type": "Feature",
      "geometry": {
        "type": "Point",
        "coordinates": [
          -111.95857406340308,
          33.45605715697547
        ]
      },
      "properties": {
        "timestamp": "2026-06-30 09:00:00",
        "wbgt": 41.25,
        "risk_level": "moderate"
      }
    },
    {
      "type": "Feature",
      "geometry": {
        "type": "Point",
        "coordinates": [
          -112.186182979743,
          33.43428088209606
        ]
      },
      "properties": {
        "timestamp": "2026-06-30 10:00:00",
        "wbgt": 38.29,
        "risk_level": "moderate"
      }
    },
    {
      "type": "Feature",
      "geometry": {
        "type": "Point",
        "coordinates": [
          -111.95757621529326,
          33.46734605757876
        ]
      },
      "properties": {
        "timestamp": "2026-06-30 11:00:00",
        "wbgt": 37.65,
        "risk_level": "moderate"
      }
    },
    {
      "type": "Feature",
      "geometry": {
        "type": "Point",
        "coordinates": [
          -112.1466335627853,
          33.349810294024856
        ]
      },
      "properties": {
        "timestamp": "2026-06-30 12:00:00",
        "wbgt": 41.04,
        "risk_level": "moderate"
      }
    },
    {
      "type": "Feature",
      "geometry": {
        "type": "Point",
        "coordinates": [
          -112.04559491486356,
          33.484041941591755
        ]
      },
      "properties": {
        "timestamp": "2026-06-30 13:00:00",
        "wbgt": 39.57,
        "risk_level": "moderate"
      }
    },
    {
      "type": "Feature",
      "geometry": {
        "type": "Point",
        "coordinates": [
          -111.95751736813322,
          33.4089302209902
        ]
      },
      "properties": {
        "timestamp": "2026-06-30 14:00:00",
        "wbgt": 34.37,
        "risk_level": "low"
      }
    },
    {
      "type": "Feature",
      "geometry": {
        "type": "Point",
        "coordinates": [
          -112.123853676553,
          33.56915590228939
        ]
      },
      "properties": {
        "timestamp": "2026-06-30 15:00:00",
        "wbgt": 38.92,
        "risk_level": "moderate"
      }
    },
    {
      "type": "Feature",
      "geometry": {
        "type": "Point",
        "coordinates": [
          -112.12625776820816,
          33.350656262003305
        ]
      },
      "properties": {
        "timestamp": "2026-06-30 16:00:00",
        "wbgt": 34.29,
        "risk_level": "low"
      }
    },
    {
      "type": "Feature",
      "geometry": {
        "type": "Point",
        "coordinates": [
          -112.07917068046132,
          33.45211533115963
        ]
      },
      "properties": {
        "timestamp": "2026-06-30 17:00:00",
        "wbgt": 32.33,
        "risk_level": "low"
      }
    },
    {
      "type": "Feature",
      "geometry": {
        "type": "Point",
        "coordinates": [
          -111.93160716072671,
          33.4794337888107
        ]
      },
      "properties": {
        "timestamp": "2026-06-30 18:00:00",
        "wbgt": 25.87,
        "risk_level": "low"
      }
    },
    {
      "type": "Feature",
      "geometry": {
        "type": "Point",
        "coordinates": [
          -112.19986716556885,
          33.31001508053591
        ]
      },
      "properties": {
        "timestamp": "2026-06-30 19:00:00",
        "wbgt": 29.26,
        "risk_level": "low"
      }
    },
    {
      "type": "Feature",
      "geometry": {
        "type": "Point",
        "coordinates": [
          -111.92958507100742,
          33.40910793742684
        ]
      },
      "properties": {
        "timestamp": "2026-06-30 20:00:00",
        "wbgt": 29.45,
        "risk_level": "low"
      }
    },
    {
      "type": "Feature",
      "geometry": {
        "type": "Point",
        "coordinates": [
          -112.15385789260752,
          33.51979057041025
        ]
      },
      "properties": {
        "timestamp": "2026-06-30 21:00:00",
        "wbgt": 26.99,
        "risk_level": "low"
      }
    },
    {
      "type": "Feature",
      "geometry": {
        "type": "Point",
        "coordinates": [
          -111.90297408717976,
          33.54611325223469
        ]
      },
      "properties": {
        "timestamp": "2026-06-30 22:00:00",
        "wbgt": 26.61,
        "risk_level": "low"
      }
    },
    {
      "type": "Feature",
      "geometry": {
        "type": "Point",
        "coordinates": [
          -111.91354590208846,
          33.393948598445185
        ]
      },
      "properties": {
        "timestamp": "2026-06-30 23:00:00",
        "wbgt": 25.04,
        "risk_level": "low"
      }
    }
  ]
}